trace_name,C,B,real_trace_compressibility,Delta_max_smoothed,Delta_max_static_min,Gamma_smoothed,Gamma_static_min,QTV_proxy_smoothed,QTV_proxy_static_min,T_exe_smoothed,T_exe_static_min,T_static_smoothed,T_static_static_min,feasible_smoothed,feasible_static_min,stall_cycles_smoothed,stall_cycles_static_min,both_feasible,inversion,T_exe_improvement,stall_reduction,relative_change_in_QTV
adder_n4,1,0,1.3228756555322954,0,0,0,16,980.0,inf,98.0,inf,98,98,1,0,0.0,inf,0,0,0.0,0.0,0.0
adder_n4,1,1,1.3228756555322954,0,0,0,16,980.0,980.0,98.0,98.0,98,98,1,1,0.0,0.0,1,0,0.0,0.0,0.0
adder_n4,1,2,1.3228756555322954,0,0,0,16,980.0,980.0,98.0,98.0,98,98,1,1,0.0,0.0,1,0,0.0,0.0,0.0
adder_n4,1,3,1.3228756555322954,0,0,0,16,980.0,980.0,98.0,98.0,98,98,1,1,0.0,0.0,1,0,0.0,0.0,0.0
adder_n4,1,4,1.3228756555322954,0,0,0,16,980.0,980.0,98.0,98.0,98,98,1,1,0.0,0.0,1,0,0.0,0.0,0.0
adder_n4,1,5,1.3228756555322954,0,0,0,16,980.0,980.0,98.0,98.0,98,98,1,1,0.0,0.0,1,0,0.0,0.0,0.0
adder_n4,1,6,1.3228756555322954,0,0,0,16,980.0,980.0,98.0,98.0,98,98,1,1,0.0,0.0,1,0,0.0,0.0,0.0
adder_n4,1,7,1.3228756555322954,0,0,0,16,980.0,980.0,98.0,98.0,98,98,1,1,0.0,0.0,1,0,0.0,0.0,0.0
adder_n4,1,8,1.3228756555322954,0,0,0,16,980.0,980.0,98.0,98.0,98,98,1,1,0.0,0.0,1,0,0.0,0.0,0.0
adder_n4,1,9,1.3228756555322954,0,0,0,16,980.0,980.0,98.0,98.0,98,98,1,1,0.0,0.0,1,0,0.0,0.0,0.0
adder_n4,1,10,1.3228756555322954,0,0,0,16,980.0,980.0,98.0,98.0,98,98,1,1,0.0,0.0,1,0,0.0,0.0,0.0
adder_n4,1,11,1.3228756555322954,0,0,0,16,980.0,980.0,98.0,98.0,98,98,1,1,0.0,0.0,1,0,0.0,0.0,0.0
adder_n4,1,12,1.3228756555322954,0,0,0,16,980.0,980.0,98.0,98.0,98,98,1,1,0.0,0.0,1,0,0.0,0.0,0.0
adder_n4,1,13,1.3228756555322954,0,0,0,16,980.0,980.0,98.0,98.0,98,98,1,1,0.0,0.0,1,0,0.0,0.0,0.0
adder_n4,1,14,1.3228756555322954,0,0,0,16,980.0,980.0,98.0,98.0,98,98,1,1,0.0,0.0,1,0,0.0,0.0,0.0
adder_n4,1,15,1.3228756555322954,0,0,0,16,980.0,980.0,98.0,98.0,98,98,1,1,0.0,0.0,1,0,0.0,0.0,0.0
adder_n4,2,0,1.3228756555322954,0,0,0,0,980.0,980.0,98.0,98.0,98,98,1,1,0.0,0.0,1,0,0.0,0.0,0.0
adder_n4,2,1,1.3228756555322954,0,0,0,0,980.0,980.0,98.0,98.0,98,98,1,1,0.0,0.0,1,0,0.0,0.0,0.0
adder_n4,2,2,1.3228756555322954,0,0,0,0,980.0,980.0,98.0,98.0,98,98,1,1,0.0,0.0,1,0,0.0,0.0,0.0
adder_n4,2,3,1.3228756555322954,0,0,0,0,980.0,980.0,98.0,98.0,98,98,1,1,0.0,0.0,1,0,0.0,0.0,0.0
adder_n4,2,4,1.3228756555322954,0,0,0,0,980.0,980.0,98.0,98.0,98,98,1,1,0.0,0.0,1,0,0.0,0.0,0.0
adder_n4,2,5,1.3228756555322954,0,0,0,0,980.0,980.0,98.0,98.0,98,98,1,1,0.0,0.0,1,0,0.0,0.0,0.0
adder_n4,2,6,1.3228756555322954,0,0,0,0,980.0,980.0,98.0,98.0,98,98,1,1,0.0,0.0,1,0,0.0,0.0,0.0
adder_n4,2,7,1.3228756555322954,0,0,0,0,980.0,980.0,98.0,98.0,98,98,1,1,0.0,0.0,1,0,0.0,0.0,0.0
adder_n4,2,8,1.3228756555322954,0,0,0,0,980.0,980.0,98.0,98.0,98,98,1,1,0.0,0.0,1,0,0.0,0.0,0.0
adder_n4,2,9,1.3228756555322954,0,0,0,0,980.0,980.0,98.0,98.0,98,98,1,1,0.0,0.0,1,0,0.0,0.0,0.0
adder_n4,2,10,1.3228756555322954,0,0,0,0,980.0,980.0,98.0,98.0,98,98,1,1,0.0,0.0,1,0,0.0,0.0,0.0
adder_n4,2,11,1.3228756555322954,0,0,0,0,980.0,980.0,98.0,98.0,98,98,1,1,0.0,0.0,1,0,0.0,0.0,0.0
adder_n4,2,12,1.3228756555322954,0,0,0,0,980.0,980.0,98.0,98.0,98,98,1,1,0.0,0.0,1,0,0.0,0.0,0.0
adder_n4,2,13,1.3228756555322954,0,0,0,0,980.0,980.0,98.0,98.0,98,98,1,1,0.0,0.0,1,0,0.0,0.0,0.0
adder_n4,2,14,1.3228756555322954,0,0,0,0,980.0,980.0,98.0,98.0,98,98,1,1,0.0,0.0,1,0,0.0,0.0,0.0
adder_n4,2,15,1.3228756555322954,0,0,0,0,980.0,980.0,98.0,98.0,98,98,1,1,0.0,0.0,1,0,0.0,0.0,0.0
adder_n4,3,0,1.3228756555322954,0,0,0,0,980.0,980.0,98.0,98.0,98,98,1,1,0.0,0.0,1,0,0.0,0.0,0.0
adder_n4,3,1,1.3228756555322954,0,0,0,0,980.0,980.0,98.0,98.0,98,98,1,1,0.0,0.0,1,0,0.0,0.0,0.0
adder_n4,3,2,1.3228756555322954,0,0,0,0,980.0,980.0,98.0,98.0,98,98,1,1,0.0,0.0,1,0,0.0,0.0,0.0
adder_n4,3,3,1.3228756555322954,0,0,0,0,980.0,980.0,98.0,98.0,98,98,1,1,0.0,0.0,1,0,0.0,0.0,0.0
adder_n4,3,4,1.3228756555322954,0,0,0,0,980.0,980.0,98.0,98.0,98,98,1,1,0.0,0.0,1,0,0.0,0.0,0.0
adder_n4,3,5,1.3228756555322954,0,0,0,0,980.0,980.0,98.0,98.0,98,98,1,1,0.0,0.0,1,0,0.0,0.0,0.0
adder_n4,3,6,1.3228756555322954,0,0,0,0,980.0,980.0,98.0,98.0,98,98,1,1,0.0,0.0,1,0,0.0,0.0,0.0
adder_n4,3,7,1.3228756555322954,0,0,0,0,980.0,980.0,98.0,98.0,98,98,1,1,0.0,0.0,1,0,0.0,0.0,0.0
adder_n4,3,8,1.3228756555322954,0,0,0,0,980.0,980.0,98.0,98.0,98,98,1,1,0.0,0.0,1,0,0.0,0.0,0.0
adder_n4,3,9,1.3228756555322954,0,0,0,0,980.0,980.0,98.0,98.0,98,98,1,1,0.0,0.0,1,0,0.0,0.0,0.0
adder_n4,3,10,1.3228756555322954,0,0,0,0,980.0,980.0,98.0,98.0,98,98,1,1,0.0,0.0,1,0,0.0,0.0,0.0
adder_n4,3,11,1.3228756555322954,0,0,0,0,980.0,980.0,98.0,98.0,98,98,1,1,0.0,0.0,1,0,0.0,0.0,0.0
adder_n4,3,12,1.3228756555322954,0,0,0,0,980.0,980.0,98.0,98.0,98,98,1,1,0.0,0.0,1,0,0.0,0.0,0.0
adder_n4,3,13,1.3228756555322954,0,0,0,0,980.0,980.0,98.0,98.0,98,98,1,1,0.0,0.0,1,0,0.0,0.0,0.0
adder_n4,3,14,1.3228756555322954,0,0,0,0,980.0,980.0,98.0,98.0,98,98,1,1,0.0,0.0,1,0,0.0,0.0,0.0
adder_n4,3,15,1.3228756555322954,0,0,0,0,980.0,980.0,98.0,98.0,98,98,1,1,0.0,0.0,1,0,0.0,0.0,0.0
adder_n4,4,0,1.3228756555322954,0,0,0,0,980.0,980.0,98.0,98.0,98,98,1,1,0.0,0.0,1,0,0.0,0.0,0.0
adder_n4,4,1,1.3228756555322954,0,0,0,0,980.0,980.0,98.0,98.0,98,98,1,1,0.0,0.0,1,0,0.0,0.0,0.0
adder_n4,4,2,1.3228756555322954,0,0,0,0,980.0,980.0,98.0,98.0,98,98,1,1,0.0,0.0,1,0,0.0,0.0,0.0
adder_n4,4,3,1.3228756555322954,0,0,0,0,980.0,980.0,98.0,98.0,98,98,1,1,0.0,0.0,1,0,0.0,0.0,0.0
adder_n4,4,4,1.3228756555322954,0,0,0,0,980.0,980.0,98.0,98.0,98,98,1,1,0.0,0.0,1,0,0.0,0.0,0.0
adder_n4,4,5,1.3228756555322954,0,0,0,0,980.0,980.0,98.0,98.0,98,98,1,1,0.0,0.0,1,0,0.0,0.0,0.0
adder_n4,4,6,1.3228756555322954,0,0,0,0,980.0,980.0,98.0,98.0,98,98,1,1,0.0,0.0,1,0,0.0,0.0,0.0
adder_n4,4,7,1.3228756555322954,0,0,0,0,980.0,980.0,98.0,98.0,98,98,1,1,0.0,0.0,1,0,0.0,0.0,0.0
adder_n4,4,8,1.3228756555322954,0,0,0,0,980.0,980.0,98.0,98.0,98,98,1,1,0.0,0.0,1,0,0.0,0.0,0.0
adder_n4,4,9,1.3228756555322954,0,0,0,0,980.0,980.0,98.0,98.0,98,98,1,1,0.0,0.0,1,0,0.0,0.0,0.0
adder_n4,4,10,1.3228756555322954,0,0,0,0,980.0,980.0,98.0,98.0,98,98,1,1,0.0,0.0,1,0,0.0,0.0,0.0
adder_n4,4,11,1.3228756555322954,0,0,0,0,980.0,980.0,98.0,98.0,98,98,1,1,0.0,0.0,1,0,0.0,0.0,0.0
adder_n4,4,12,1.3228756555322954,0,0,0,0,980.0,980.0,98.0,98.0,98,98,1,1,0.0,0.0,1,0,0.0,0.0,0.0
adder_n4,4,13,1.3228756555322954,0,0,0,0,980.0,980.0,98.0,98.0,98,98,1,1,0.0,0.0,1,0,0.0,0.0,0.0
adder_n4,4,14,1.3228756555322954,0,0,0,0,980.0,980.0,98.0,98.0,98,98,1,1,0.0,0.0,1,0,0.0,0.0,0.0
adder_n4,4,15,1.3228756555322954,0,0,0,0,980.0,980.0,98.0,98.0,98,98,1,1,0.0,0.0,1,0,0.0,0.0,0.0
adder_n4,5,0,1.3228756555322954,0,0,0,0,980.0,980.0,98.0,98.0,98,98,1,1,0.0,0.0,1,0,0.0,0.0,0.0
adder_n4,5,1,1.3228756555322954,0,0,0,0,980.0,980.0,98.0,98.0,98,98,1,1,0.0,0.0,1,0,0.0,0.0,0.0
adder_n4,5,2,1.3228756555322954,0,0,0,0,980.0,980.0,98.0,98.0,98,98,1,1,0.0,0.0,1,0,0.0,0.0,0.0
adder_n4,5,3,1.3228756555322954,0,0,0,0,980.0,980.0,98.0,98.0,98,98,1,1,0.0,0.0,1,0,0.0,0.0,0.0
adder_n4,5,4,1.3228756555322954,0,0,0,0,980.0,980.0,98.0,98.0,98,98,1,1,0.0,0.0,1,0,0.0,0.0,0.0
adder_n4,5,5,1.3228756555322954,0,0,0,0,980.0,980.0,98.0,98.0,98,98,1,1,0.0,0.0,1,0,0.0,0.0,0.0
adder_n4,5,6,1.3228756555322954,0,0,0,0,980.0,980.0,98.0,98.0,98,98,1,1,0.0,0.0,1,0,0.0,0.0,0.0
adder_n4,5,7,1.3228756555322954,0,0,0,0,980.0,980.0,98.0,98.0,98,98,1,1,0.0,0.0,1,0,0.0,0.0,0.0
adder_n4,5,8,1.3228756555322954,0,0,0,0,980.0,980.0,98.0,98.0,98,98,1,1,0.0,0.0,1,0,0.0,0.0,0.0
adder_n4,5,9,1.3228756555322954,0,0,0,0,980.0,980.0,98.0,98.0,98,98,1,1,0.0,0.0,1,0,0.0,0.0,0.0
adder_n4,5,10,1.3228756555322954,0,0,0,0,980.0,980.0,98.0,98.0,98,98,1,1,0.0,0.0,1,0,0.0,0.0,0.0
adder_n4,5,11,1.3228756555322954,0,0,0,0,980.0,980.0,98.0,98.0,98,98,1,1,0.0,0.0,1,0,0.0,0.0,0.0
adder_n4,5,12,1.3228756555322954,0,0,0,0,980.0,980.0,98.0,98.0,98,98,1,1,0.0,0.0,1,0,0.0,0.0,0.0
adder_n4,5,13,1.3228756555322954,0,0,0,0,980.0,980.0,98.0,98.0,98,98,1,1,0.0,0.0,1,0,0.0,0.0,0.0
adder_n4,5,14,1.3228756555322954,0,0,0,0,980.0,980.0,98.0,98.0,98,98,1,1,0.0,0.0,1,0,0.0,0.0,0.0
adder_n4,5,15,1.3228756555322954,0,0,0,0,980.0,980.0,98.0,98.0,98,98,1,1,0.0,0.0,1,0,0.0,0.0,0.0
adder_n4,6,0,1.3228756555322954,0,0,0,0,980.0,980.0,98.0,98.0,98,98,1,1,0.0,0.0,1,0,0.0,0.0,0.0
adder_n4,6,1,1.3228756555322954,0,0,0,0,980.0,980.0,98.0,98.0,98,98,1,1,0.0,0.0,1,0,0.0,0.0,0.0
adder_n4,6,2,1.3228756555322954,0,0,0,0,980.0,980.0,98.0,98.0,98,98,1,1,0.0,0.0,1,0,0.0,0.0,0.0
adder_n4,6,3,1.3228756555322954,0,0,0,0,980.0,980.0,98.0,98.0,98,98,1,1,0.0,0.0,1,0,0.0,0.0,0.0
adder_n4,6,4,1.3228756555322954,0,0,0,0,980.0,980.0,98.0,98.0,98,98,1,1,0.0,0.0,1,0,0.0,0.0,0.0
adder_n4,6,5,1.3228756555322954,0,0,0,0,980.0,980.0,98.0,98.0,98,98,1,1,0.0,0.0,1,0,0.0,0.0,0.0
adder_n4,6,6,1.3228756555322954,0,0,0,0,980.0,980.0,98.0,98.0,98,98,1,1,0.0,0.0,1,0,0.0,0.0,0.0
adder_n4,6,7,1.3228756555322954,0,0,0,0,980.0,980.0,98.0,98.0,98,98,1,1,0.0,0.0,1,0,0.0,0.0,0.0
adder_n4,6,8,1.3228756555322954,0,0,0,0,980.0,980.0,98.0,98.0,98,98,1,1,0.0,0.0,1,0,0.0,0.0,0.0
adder_n4,6,9,1.3228756555322954,0,0,0,0,980.0,980.0,98.0,98.0,98,98,1,1,0.0,0.0,1,0,0.0,0.0,0.0
adder_n4,6,10,1.3228756555322954,0,0,0,0,980.0,980.0,98.0,98.0,98,98,1,1,0.0,0.0,1,0,0.0,0.0,0.0
adder_n4,6,11,1.3228756555322954,0,0,0,0,980.0,980.0,98.0,98.0,98,98,1,1,0.0,0.0,1,0,0.0,0.0,0.0
adder_n4,6,12,1.3228756555322954,0,0,0,0,980.0,980.0,98.0,98.0,98,98,1,1,0.0,0.0,1,0,0.0,0.0,0.0
adder_n4,6,13,1.3228756555322954,0,0,0,0,980.0,980.0,98.0,98.0,98,98,1,1,0.0,0.0,1,0,0.0,0.0,0.0
adder_n4,6,14,1.3228756555322954,0,0,0,0,980.0,980.0,98.0,98.0,98,98,1,1,0.0,0.0,1,0,0.0,0.0,0.0
adder_n4,6,15,1.3228756555322954,0,0,0,0,980.0,980.0,98.0,98.0,98,98,1,1,0.0,0.0,1,0,0.0,0.0,0.0
adder_n4,7,0,1.3228756555322954,0,0,0,0,980.0,980.0,98.0,98.0,98,98,1,1,0.0,0.0,1,0,0.0,0.0,0.0
adder_n4,7,1,1.3228756555322954,0,0,0,0,980.0,980.0,98.0,98.0,98,98,1,1,0.0,0.0,1,0,0.0,0.0,0.0
adder_n4,7,2,1.3228756555322954,0,0,0,0,980.0,980.0,98.0,98.0,98,98,1,1,0.0,0.0,1,0,0.0,0.0,0.0
adder_n4,7,3,1.3228756555322954,0,0,0,0,980.0,980.0,98.0,98.0,98,98,1,1,0.0,0.0,1,0,0.0,0.0,0.0
adder_n4,7,4,1.3228756555322954,0,0,0,0,980.0,980.0,98.0,98.0,98,98,1,1,0.0,0.0,1,0,0.0,0.0,0.0
adder_n4,7,5,1.3228756555322954,0,0,0,0,980.0,980.0,98.0,98.0,98,98,1,1,0.0,0.0,1,0,0.0,0.0,0.0
adder_n4,7,6,1.3228756555322954,0,0,0,0,980.0,980.0,98.0,98.0,98,98,1,1,0.0,0.0,1,0,0.0,0.0,0.0
adder_n4,7,7,1.3228756555322954,0,0,0,0,980.0,980.0,98.0,98.0,98,98,1,1,0.0,0.0,1,0,0.0,0.0,0.0
adder_n4,7,8,1.3228756555322954,0,0,0,0,980.0,980.0,98.0,98.0,98,98,1,1,0.0,0.0,1,0,0.0,0.0,0.0
adder_n4,7,9,1.3228756555322954,0,0,0,0,980.0,980.0,98.0,98.0,98,98,1,1,0.0,0.0,1,0,0.0,0.0,0.0
adder_n4,7,10,1.3228756555322954,0,0,0,0,980.0,980.0,98.0,98.0,98,98,1,1,0.0,0.0,1,0,0.0,0.0,0.0
adder_n4,7,11,1.3228756555322954,0,0,0,0,980.0,980.0,98.0,98.0,98,98,1,1,0.0,0.0,1,0,0.0,0.0,0.0
adder_n4,7,12,1.3228756555322954,0,0,0,0,980.0,980.0,98.0,98.0,98,98,1,1,0.0,0.0,1,0,0.0,0.0,0.0
adder_n4,7,13,1.3228756555322954,0,0,0,0,980.0,980.0,98.0,98.0,98,98,1,1,0.0,0.0,1,0,0.0,0.0,0.0
adder_n4,7,14,1.3228756555322954,0,0,0,0,980.0,980.0,98.0,98.0,98,98,1,1,0.0,0.0,1,0,0.0,0.0,0.0
adder_n4,7,15,1.3228756555322954,0,0,0,0,980.0,980.0,98.0,98.0,98,98,1,1,0.0,0.0,1,0,0.0,0.0,0.0
