trace_name,policy,trace_length,logical_qubit_budget,real_trace_compressibility,C,B,feasible,feasible_reason,T_static,T_exe,stall_cycles,stall_ratio,Delta_max,Gamma,peak_demand,mean_demand,total_T,QTV_proxy,normalized_makespan
multiplier_n4,static_min,1381,16,1.0729893953093352,1,0,0,peak_demand_exceeds_reachable_stock,1381,inf,inf,1.0,5,249,4,0.7081824764663287,978,inf,inf
multiplier_n4,static_min,1381,16,1.0729893953093352,1,1,0,peak_demand_exceeds_reachable_stock,1381,inf,inf,1.0,5,249,4,0.7081824764663287,978,inf,inf
multiplier_n4,static_min,1381,16,1.0729893953093352,1,2,0,peak_demand_exceeds_reachable_stock,1381,inf,inf,1.0,5,249,4,0.7081824764663287,978,inf,inf
multiplier_n4,static_min,1381,16,1.0729893953093352,1,3,1,feasible,1381,1390.0,9.0,0.006474820143884892,5,249,4,0.7081824764663287,978,22240.0,1.006517016654598
multiplier_n4,static_min,1381,16,1.0729893953093352,1,4,1,feasible,1381,1389.0,8.0,0.005759539236861051,5,249,4,0.7081824764663287,978,22224.0,1.005792903692976
multiplier_n4,static_min,1381,16,1.0729893953093352,1,5,1,feasible,1381,1388.0,7.0,0.005043227665706052,5,249,4,0.7081824764663287,978,22208.0,1.005068790731354
multiplier_n4,static_min,1381,16,1.0729893953093352,1,6,1,feasible,1381,1387.0,6.0,0.004325883201153569,5,249,4,0.7081824764663287,978,22192.0,1.004344677769732
multiplier_n4,static_min,1381,16,1.0729893953093352,1,7,1,feasible,1381,1386.0,5.0,0.0036075036075036075,5,249,4,0.7081824764663287,978,22176.0,1.00362056480811
multiplier_n4,static_min,1381,16,1.0729893953093352,1,8,1,feasible,1381,1386.0,5.0,0.0036075036075036075,5,249,4,0.7081824764663287,978,22176.0,1.00362056480811
multiplier_n4,static_min,1381,16,1.0729893953093352,1,9,1,feasible,1381,1386.0,5.0,0.0036075036075036075,5,249,4,0.7081824764663287,978,22176.0,1.00362056480811
multiplier_n4,static_min,1381,16,1.0729893953093352,1,10,1,feasible,1381,1386.0,5.0,0.0036075036075036075,5,249,4,0.7081824764663287,978,22176.0,1.00362056480811
multiplier_n4,static_min,1381,16,1.0729893953093352,1,11,1,feasible,1381,1386.0,5.0,0.0036075036075036075,5,249,4,0.7081824764663287,978,22176.0,1.00362056480811
multiplier_n4,static_min,1381,16,1.0729893953093352,1,12,1,feasible,1381,1386.0,5.0,0.0036075036075036075,5,249,4,0.7081824764663287,978,22176.0,1.00362056480811
multiplier_n4,static_min,1381,16,1.0729893953093352,1,13,1,feasible,1381,1386.0,5.0,0.0036075036075036075,5,249,4,0.7081824764663287,978,22176.0,1.00362056480811
multiplier_n4,static_min,1381,16,1.0729893953093352,1,14,1,feasible,1381,1386.0,5.0,0.0036075036075036075,5,249,4,0.7081824764663287,978,22176.0,1.00362056480811
multiplier_n4,static_min,1381,16,1.0729893953093352,1,15,1,feasible,1381,1386.0,5.0,0.0036075036075036075,5,249,4,0.7081824764663287,978,22176.0,1.00362056480811
multiplier_n4,static_min,1381,16,1.0729893953093352,2,0,0,peak_demand_exceeds_reachable_stock,1381,inf,inf,1.0,2,5,4,0.7081824764663287,978,inf,inf
multiplier_n4,static_min,1381,16,1.0729893953093352,2,1,0,peak_demand_exceeds_reachable_stock,1381,inf,inf,1.0,2,5,4,0.7081824764663287,978,inf,inf
multiplier_n4,static_min,1381,16,1.0729893953093352,2,2,1,feasible,1381,1382.0,1.0,0.000723589001447178,2,5,4,0.7081824764663287,978,22112.0,1.000724112961622
multiplier_n4,static_min,1381,16,1.0729893953093352,2,3,1,feasible,1381,1382.0,1.0,0.000723589001447178,2,5,4,0.7081824764663287,978,22112.0,1.000724112961622
multiplier_n4,static_min,1381,16,1.0729893953093352,2,4,1,feasible,1381,1382.0,1.0,0.000723589001447178,2,5,4,0.7081824764663287,978,22112.0,1.000724112961622
multiplier_n4,static_min,1381,16,1.0729893953093352,2,5,1,feasible,1381,1382.0,1.0,0.000723589001447178,2,5,4,0.7081824764663287,978,22112.0,1.000724112961622
multiplier_n4,static_min,1381,16,1.0729893953093352,2,6,1,feasible,1381,1382.0,1.0,0.000723589001447178,2,5,4,0.7081824764663287,978,22112.0,1.000724112961622
multiplier_n4,static_min,1381,16,1.0729893953093352,2,7,1,feasible,1381,1382.0,1.0,0.000723589001447178,2,5,4,0.7081824764663287,978,22112.0,1.000724112961622
multiplier_n4,static_min,1381,16,1.0729893953093352,2,8,1,feasible,1381,1382.0,1.0,0.000723589001447178,2,5,4,0.7081824764663287,978,22112.0,1.000724112961622
multiplier_n4,static_min,1381,16,1.0729893953093352,2,9,1,feasible,1381,1382.0,1.0,0.000723589001447178,2,5,4,0.7081824764663287,978,22112.0,1.000724112961622
multiplier_n4,static_min,1381,16,1.0729893953093352,2,10,1,feasible,1381,1382.0,1.0,0.000723589001447178,2,5,4,0.7081824764663287,978,22112.0,1.000724112961622
multiplier_n4,static_min,1381,16,1.0729893953093352,2,11,1,feasible,1381,1382.0,1.0,0.000723589001447178,2,5,4,0.7081824764663287,978,22112.0,1.000724112961622
multiplier_n4,static_min,1381,16,1.0729893953093352,2,12,1,feasible,1381,1382.0,1.0,0.000723589001447178,2,5,4,0.7081824764663287,978,22112.0,1.000724112961622
multiplier_n4,static_min,1381,16,1.0729893953093352,2,13,1,feasible,1381,1382.0,1.0,0.000723589001447178,2,5,4,0.7081824764663287,978,22112.0,1.000724112961622
multiplier_n4,static_min,1381,16,1.0729893953093352,2,14,1,feasible,1381,1382.0,1.0,0.000723589001447178,2,5,4,0.7081824764663287,978,22112.0,1.000724112961622
multiplier_n4,static_min,1381,16,1.0729893953093352,2,15,1,feasible,1381,1382.0,1.0,0.000723589001447178,2,5,4,0.7081824764663287,978,22112.0,1.000724112961622
multiplier_n4,static_min,1381,16,1.0729893953093352,3,0,0,peak_demand_exceeds_reachable_stock,1381,inf,inf,1.0,0,2,4,0.7081824764663287,978,inf,inf
multiplier_n4,static_min,1381,16,1.0729893953093352,3,1,1,feasible,1381,1382.0,1.0,0.000723589001447178,0,2,4,0.7081824764663287,978,22112.0,1.000724112961622
multiplier_n4,static_min,1381,16,1.0729893953093352,3,2,1,feasible,1381,1381.0,0.0,0.0,0,2,4,0.7081824764663287,978,22096.0,1.0
multiplier_n4,static_min,1381,16,1.0729893953093352,3,3,1,feasible,1381,1381.0,0.0,0.0,0,2,4,0.7081824764663287,978,22096.0,1.0
multiplier_n4,static_min,1381,16,1.0729893953093352,3,4,1,feasible,1381,1381.0,0.0,0.0,0,2,4,0.7081824764663287,978,22096.0,1.0
multiplier_n4,static_min,1381,16,1.0729893953093352,3,5,1,feasible,1381,1381.0,0.0,0.0,0,2,4,0.7081824764663287,978,22096.0,1.0
multiplier_n4,static_min,1381,16,1.0729893953093352,3,6,1,feasible,1381,1381.0,0.0,0.0,0,2,4,0.7081824764663287,978,22096.0,1.0
multiplier_n4,static_min,1381,16,1.0729893953093352,3,7,1,feasible,1381,1381.0,0.0,0.0,0,2,4,0.7081824764663287,978,22096.0,1.0
multiplier_n4,static_min,1381,16,1.0729893953093352,3,8,1,feasible,1381,1381.0,0.0,0.0,0,2,4,0.7081824764663287,978,22096.0,1.0
multiplier_n4,static_min,1381,16,1.0729893953093352,3,9,1,feasible,1381,1381.0,0.0,0.0,0,2,4,0.7081824764663287,978,22096.0,1.0
multiplier_n4,static_min,1381,16,1.0729893953093352,3,10,1,feasible,1381,1381.0,0.0,0.0,0,2,4,0.7081824764663287,978,22096.0,1.0
multiplier_n4,static_min,1381,16,1.0729893953093352,3,11,1,feasible,1381,1381.0,0.0,0.0,0,2,4,0.7081824764663287,978,22096.0,1.0
multiplier_n4,static_min,1381,16,1.0729893953093352,3,12,1,feasible,1381,1381.0,0.0,0.0,0,2,4,0.7081824764663287,978,22096.0,1.0
multiplier_n4,static_min,1381,16,1.0729893953093352,3,13,1,feasible,1381,1381.0,0.0,0.0,0,2,4,0.7081824764663287,978,22096.0,1.0
multiplier_n4,static_min,1381,16,1.0729893953093352,3,14,1,feasible,1381,1381.0,0.0,0.0,0,2,4,0.7081824764663287,978,22096.0,1.0
multiplier_n4,static_min,1381,16,1.0729893953093352,3,15,1,feasible,1381,1381.0,0.0,0.0,0,2,4,0.7081824764663287,978,22096.0,1.0
multiplier_n4,static_min,1381,16,1.0729893953093352,4,0,1,feasible,1381,1381.0,0.0,0.0,0,0,4,0.7081824764663287,978,22096.0,1.0
multiplier_n4,static_min,1381,16,1.0729893953093352,4,1,1,feasible,1381,1381.0,0.0,0.0,0,0,4,0.7081824764663287,978,22096.0,1.0
multiplier_n4,static_min,1381,16,1.0729893953093352,4,2,1,feasible,1381,1381.0,0.0,0.0,0,0,4,0.7081824764663287,978,22096.0,1.0
multiplier_n4,static_min,1381,16,1.0729893953093352,4,3,1,feasible,1381,1381.0,0.0,0.0,0,0,4,0.7081824764663287,978,22096.0,1.0
multiplier_n4,static_min,1381,16,1.0729893953093352,4,4,1,feasible,1381,1381.0,0.0,0.0,0,0,4,0.7081824764663287,978,22096.0,1.0
multiplier_n4,static_min,1381,16,1.0729893953093352,4,5,1,feasible,1381,1381.0,0.0,0.0,0,0,4,0.7081824764663287,978,22096.0,1.0
multiplier_n4,static_min,1381,16,1.0729893953093352,4,6,1,feasible,1381,1381.0,0.0,0.0,0,0,4,0.7081824764663287,978,22096.0,1.0
multiplier_n4,static_min,1381,16,1.0729893953093352,4,7,1,feasible,1381,1381.0,0.0,0.0,0,0,4,0.7081824764663287,978,22096.0,1.0
multiplier_n4,static_min,1381,16,1.0729893953093352,4,8,1,feasible,1381,1381.0,0.0,0.0,0,0,4,0.7081824764663287,978,22096.0,1.0
multiplier_n4,static_min,1381,16,1.0729893953093352,4,9,1,feasible,1381,1381.0,0.0,0.0,0,0,4,0.7081824764663287,978,22096.0,1.0
multiplier_n4,static_min,1381,16,1.0729893953093352,4,10,1,feasible,1381,1381.0,0.0,0.0,0,0,4,0.7081824764663287,978,22096.0,1.0
multiplier_n4,static_min,1381,16,1.0729893953093352,4,11,1,feasible,1381,1381.0,0.0,0.0,0,0,4,0.7081824764663287,978,22096.0,1.0
multiplier_n4,static_min,1381,16,1.0729893953093352,4,12,1,feasible,1381,1381.0,0.0,0.0,0,0,4,0.7081824764663287,978,22096.0,1.0
multiplier_n4,static_min,1381,16,1.0729893953093352,4,13,1,feasible,1381,1381.0,0.0,0.0,0,0,4,0.7081824764663287,978,22096.0,1.0
multiplier_n4,static_min,1381,16,1.0729893953093352,4,14,1,feasible,1381,1381.0,0.0,0.0,0,0,4,0.7081824764663287,978,22096.0,1.0
multiplier_n4,static_min,1381,16,1.0729893953093352,4,15,1,feasible,1381,1381.0,0.0,0.0,0,0,4,0.7081824764663287,978,22096.0,1.0
multiplier_n4,static_min,1381,16,1.0729893953093352,5,0,1,feasible,1381,1381.0,0.0,0.0,0,0,4,0.7081824764663287,978,22096.0,1.0
multiplier_n4,static_min,1381,16,1.0729893953093352,5,1,1,feasible,1381,1381.0,0.0,0.0,0,0,4,0.7081824764663287,978,22096.0,1.0
multiplier_n4,static_min,1381,16,1.0729893953093352,5,2,1,feasible,1381,1381.0,0.0,0.0,0,0,4,0.7081824764663287,978,22096.0,1.0
multiplier_n4,static_min,1381,16,1.0729893953093352,5,3,1,feasible,1381,1381.0,0.0,0.0,0,0,4,0.7081824764663287,978,22096.0,1.0
multiplier_n4,static_min,1381,16,1.0729893953093352,5,4,1,feasible,1381,1381.0,0.0,0.0,0,0,4,0.7081824764663287,978,22096.0,1.0
multiplier_n4,static_min,1381,16,1.0729893953093352,5,5,1,feasible,1381,1381.0,0.0,0.0,0,0,4,0.7081824764663287,978,22096.0,1.0
multiplier_n4,static_min,1381,16,1.0729893953093352,5,6,1,feasible,1381,1381.0,0.0,0.0,0,0,4,0.7081824764663287,978,22096.0,1.0
multiplier_n4,static_min,1381,16,1.0729893953093352,5,7,1,feasible,1381,1381.0,0.0,0.0,0,0,4,0.7081824764663287,978,22096.0,1.0
multiplier_n4,static_min,1381,16,1.0729893953093352,5,8,1,feasible,1381,1381.0,0.0,0.0,0,0,4,0.7081824764663287,978,22096.0,1.0
multiplier_n4,static_min,1381,16,1.0729893953093352,5,9,1,feasible,1381,1381.0,0.0,0.0,0,0,4,0.7081824764663287,978,22096.0,1.0
multiplier_n4,static_min,1381,16,1.0729893953093352,5,10,1,feasible,1381,1381.0,0.0,0.0,0,0,4,0.7081824764663287,978,22096.0,1.0
multiplier_n4,static_min,1381,16,1.0729893953093352,5,11,1,feasible,1381,1381.0,0.0,0.0,0,0,4,0.7081824764663287,978,22096.0,1.0
multiplier_n4,static_min,1381,16,1.0729893953093352,5,12,1,feasible,1381,1381.0,0.0,0.0,0,0,4,0.7081824764663287,978,22096.0,1.0
multiplier_n4,static_min,1381,16,1.0729893953093352,5,13,1,feasible,1381,1381.0,0.0,0.0,0,0,4,0.7081824764663287,978,22096.0,1.0
multiplier_n4,static_min,1381,16,1.0729893953093352,5,14,1,feasible,1381,1381.0,0.0,0.0,0,0,4,0.7081824764663287,978,22096.0,1.0
multiplier_n4,static_min,1381,16,1.0729893953093352,5,15,1,feasible,1381,1381.0,0.0,0.0,0,0,4,0.7081824764663287,978,22096.0,1.0
multiplier_n4,static_min,1381,16,1.0729893953093352,6,0,1,feasible,1381,1381.0,0.0,0.0,0,0,4,0.7081824764663287,978,22096.0,1.0
multiplier_n4,static_min,1381,16,1.0729893953093352,6,1,1,feasible,1381,1381.0,0.0,0.0,0,0,4,0.7081824764663287,978,22096.0,1.0
multiplier_n4,static_min,1381,16,1.0729893953093352,6,2,1,feasible,1381,1381.0,0.0,0.0,0,0,4,0.7081824764663287,978,22096.0,1.0
multiplier_n4,static_min,1381,16,1.0729893953093352,6,3,1,feasible,1381,1381.0,0.0,0.0,0,0,4,0.7081824764663287,978,22096.0,1.0
multiplier_n4,static_min,1381,16,1.0729893953093352,6,4,1,feasible,1381,1381.0,0.0,0.0,0,0,4,0.7081824764663287,978,22096.0,1.0
multiplier_n4,static_min,1381,16,1.0729893953093352,6,5,1,feasible,1381,1381.0,0.0,0.0,0,0,4,0.7081824764663287,978,22096.0,1.0
multiplier_n4,static_min,1381,16,1.0729893953093352,6,6,1,feasible,1381,1381.0,0.0,0.0,0,0,4,0.7081824764663287,978,22096.0,1.0
multiplier_n4,static_min,1381,16,1.0729893953093352,6,7,1,feasible,1381,1381.0,0.0,0.0,0,0,4,0.7081824764663287,978,22096.0,1.0
multiplier_n4,static_min,1381,16,1.0729893953093352,6,8,1,feasible,1381,1381.0,0.0,0.0,0,0,4,0.7081824764663287,978,22096.0,1.0
multiplier_n4,static_min,1381,16,1.0729893953093352,6,9,1,feasible,1381,1381.0,0.0,0.0,0,0,4,0.7081824764663287,978,22096.0,1.0
multiplier_n4,static_min,1381,16,1.0729893953093352,6,10,1,feasible,1381,1381.0,0.0,0.0,0,0,4,0.7081824764663287,978,22096.0,1.0
multiplier_n4,static_min,1381,16,1.0729893953093352,6,11,1,feasible,1381,1381.0,0.0,0.0,0,0,4,0.7081824764663287,978,22096.0,1.0
multiplier_n4,static_min,1381,16,1.0729893953093352,6,12,1,feasible,1381,1381.0,0.0,0.0,0,0,4,0.7081824764663287,978,22096.0,1.0
multiplier_n4,static_min,1381,16,1.0729893953093352,6,13,1,feasible,1381,1381.0,0.0,0.0,0,0,4,0.7081824764663287,978,22096.0,1.0
multiplier_n4,static_min,1381,16,1.0729893953093352,6,14,1,feasible,1381,1381.0,0.0,0.0,0,0,4,0.7081824764663287,978,22096.0,1.0
multiplier_n4,static_min,1381,16,1.0729893953093352,6,15,1,feasible,1381,1381.0,0.0,0.0,0,0,4,0.7081824764663287,978,22096.0,1.0
multiplier_n4,static_min,1381,16,1.0729893953093352,7,0,1,feasible,1381,1381.0,0.0,0.0,0,0,4,0.7081824764663287,978,22096.0,1.0
multiplier_n4,static_min,1381,16,1.0729893953093352,7,1,1,feasible,1381,1381.0,0.0,0.0,0,0,4,0.7081824764663287,978,22096.0,1.0
multiplier_n4,static_min,1381,16,1.0729893953093352,7,2,1,feasible,1381,1381.0,0.0,0.0,0,0,4,0.7081824764663287,978,22096.0,1.0
multiplier_n4,static_min,1381,16,1.0729893953093352,7,3,1,feasible,1381,1381.0,0.0,0.0,0,0,4,0.7081824764663287,978,22096.0,1.0
multiplier_n4,static_min,1381,16,1.0729893953093352,7,4,1,feasible,1381,1381.0,0.0,0.0,0,0,4,0.7081824764663287,978,22096.0,1.0
multiplier_n4,static_min,1381,16,1.0729893953093352,7,5,1,feasible,1381,1381.0,0.0,0.0,0,0,4,0.7081824764663287,978,22096.0,1.0
multiplier_n4,static_min,1381,16,1.0729893953093352,7,6,1,feasible,1381,1381.0,0.0,0.0,0,0,4,0.7081824764663287,978,22096.0,1.0
multiplier_n4,static_min,1381,16,1.0729893953093352,7,7,1,feasible,1381,1381.0,0.0,0.0,0,0,4,0.7081824764663287,978,22096.0,1.0
multiplier_n4,static_min,1381,16,1.0729893953093352,7,8,1,feasible,1381,1381.0,0.0,0.0,0,0,4,0.7081824764663287,978,22096.0,1.0
multiplier_n4,static_min,1381,16,1.0729893953093352,7,9,1,feasible,1381,1381.0,0.0,0.0,0,0,4,0.7081824764663287,978,22096.0,1.0
multiplier_n4,static_min,1381,16,1.0729893953093352,7,10,1,feasible,1381,1381.0,0.0,0.0,0,0,4,0.7081824764663287,978,22096.0,1.0
multiplier_n4,static_min,1381,16,1.0729893953093352,7,11,1,feasible,1381,1381.0,0.0,0.0,0,0,4,0.7081824764663287,978,22096.0,1.0
multiplier_n4,static_min,1381,16,1.0729893953093352,7,12,1,feasible,1381,1381.0,0.0,0.0,0,0,4,0.7081824764663287,978,22096.0,1.0
multiplier_n4,static_min,1381,16,1.0729893953093352,7,13,1,feasible,1381,1381.0,0.0,0.0,0,0,4,0.7081824764663287,978,22096.0,1.0
multiplier_n4,static_min,1381,16,1.0729893953093352,7,14,1,feasible,1381,1381.0,0.0,0.0,0,0,4,0.7081824764663287,978,22096.0,1.0
multiplier_n4,static_min,1381,16,1.0729893953093352,7,15,1,feasible,1381,1381.0,0.0,0.0,0,0,4,0.7081824764663287,978,22096.0,1.0
multiplier_n4,smoothed,1381,16,1.0729893953093352,1,0,1,feasible,1381,1381.0,0.0,0.0,0,0,1,0.7081824764663287,978,22096.0,1.0
multiplier_n4,smoothed,1381,16,1.0729893953093352,1,1,1,feasible,1381,1381.0,0.0,0.0,0,0,1,0.7081824764663287,978,22096.0,1.0
multiplier_n4,smoothed,1381,16,1.0729893953093352,1,2,1,feasible,1381,1381.0,0.0,0.0,0,0,1,0.7081824764663287,978,22096.0,1.0
multiplier_n4,smoothed,1381,16,1.0729893953093352,1,3,1,feasible,1381,1381.0,0.0,0.0,0,0,1,0.7081824764663287,978,22096.0,1.0
multiplier_n4,smoothed,1381,16,1.0729893953093352,1,4,1,feasible,1381,1381.0,0.0,0.0,0,0,1,0.7081824764663287,978,22096.0,1.0
multiplier_n4,smoothed,1381,16,1.0729893953093352,1,5,1,feasible,1381,1381.0,0.0,0.0,0,0,1,0.7081824764663287,978,22096.0,1.0
multiplier_n4,smoothed,1381,16,1.0729893953093352,1,6,1,feasible,1381,1381.0,0.0,0.0,0,0,1,0.7081824764663287,978,22096.0,1.0
multiplier_n4,smoothed,1381,16,1.0729893953093352,1,7,1,feasible,1381,1381.0,0.0,0.0,0,0,1,0.7081824764663287,978,22096.0,1.0
multiplier_n4,smoothed,1381,16,1.0729893953093352,1,8,1,feasible,1381,1381.0,0.0,0.0,0,0,1,0.7081824764663287,978,22096.0,1.0
multiplier_n4,smoothed,1381,16,1.0729893953093352,1,9,1,feasible,1381,1381.0,0.0,0.0,0,0,1,0.7081824764663287,978,22096.0,1.0
multiplier_n4,smoothed,1381,16,1.0729893953093352,1,10,1,feasible,1381,1381.0,0.0,0.0,0,0,1,0.7081824764663287,978,22096.0,1.0
multiplier_n4,smoothed,1381,16,1.0729893953093352,1,11,1,feasible,1381,1381.0,0.0,0.0,0,0,1,0.7081824764663287,978,22096.0,1.0
multiplier_n4,smoothed,1381,16,1.0729893953093352,1,12,1,feasible,1381,1381.0,0.0,0.0,0,0,1,0.7081824764663287,978,22096.0,1.0
multiplier_n4,smoothed,1381,16,1.0729893953093352,1,13,1,feasible,1381,1381.0,0.0,0.0,0,0,1,0.7081824764663287,978,22096.0,1.0
multiplier_n4,smoothed,1381,16,1.0729893953093352,1,14,1,feasible,1381,1381.0,0.0,0.0,0,0,1,0.7081824764663287,978,22096.0,1.0
multiplier_n4,smoothed,1381,16,1.0729893953093352,1,15,1,feasible,1381,1381.0,0.0,0.0,0,0,1,0.7081824764663287,978,22096.0,1.0
multiplier_n4,smoothed,1381,16,1.0729893953093352,2,0,1,feasible,1381,1381.0,0.0,0.0,0,0,1,0.7081824764663287,978,22096.0,1.0
multiplier_n4,smoothed,1381,16,1.0729893953093352,2,1,1,feasible,1381,1381.0,0.0,0.0,0,0,1,0.7081824764663287,978,22096.0,1.0
multiplier_n4,smoothed,1381,16,1.0729893953093352,2,2,1,feasible,1381,1381.0,0.0,0.0,0,0,1,0.7081824764663287,978,22096.0,1.0
multiplier_n4,smoothed,1381,16,1.0729893953093352,2,3,1,feasible,1381,1381.0,0.0,0.0,0,0,1,0.7081824764663287,978,22096.0,1.0
multiplier_n4,smoothed,1381,16,1.0729893953093352,2,4,1,feasible,1381,1381.0,0.0,0.0,0,0,1,0.7081824764663287,978,22096.0,1.0
multiplier_n4,smoothed,1381,16,1.0729893953093352,2,5,1,feasible,1381,1381.0,0.0,0.0,0,0,1,0.7081824764663287,978,22096.0,1.0
multiplier_n4,smoothed,1381,16,1.0729893953093352,2,6,1,feasible,1381,1381.0,0.0,0.0,0,0,1,0.7081824764663287,978,22096.0,1.0
multiplier_n4,smoothed,1381,16,1.0729893953093352,2,7,1,feasible,1381,1381.0,0.0,0.0,0,0,1,0.7081824764663287,978,22096.0,1.0
multiplier_n4,smoothed,1381,16,1.0729893953093352,2,8,1,feasible,1381,1381.0,0.0,0.0,0,0,1,0.7081824764663287,978,22096.0,1.0
multiplier_n4,smoothed,1381,16,1.0729893953093352,2,9,1,feasible,1381,1381.0,0.0,0.0,0,0,1,0.7081824764663287,978,22096.0,1.0
multiplier_n4,smoothed,1381,16,1.0729893953093352,2,10,1,feasible,1381,1381.0,0.0,0.0,0,0,1,0.7081824764663287,978,22096.0,1.0
multiplier_n4,smoothed,1381,16,1.0729893953093352,2,11,1,feasible,1381,1381.0,0.0,0.0,0,0,1,0.7081824764663287,978,22096.0,1.0
multiplier_n4,smoothed,1381,16,1.0729893953093352,2,12,1,feasible,1381,1381.0,0.0,0.0,0,0,1,0.7081824764663287,978,22096.0,1.0
multiplier_n4,smoothed,1381,16,1.0729893953093352,2,13,1,feasible,1381,1381.0,0.0,0.0,0,0,1,0.7081824764663287,978,22096.0,1.0
multiplier_n4,smoothed,1381,16,1.0729893953093352,2,14,1,feasible,1381,1381.0,0.0,0.0,0,0,1,0.7081824764663287,978,22096.0,1.0
multiplier_n4,smoothed,1381,16,1.0729893953093352,2,15,1,feasible,1381,1381.0,0.0,0.0,0,0,1,0.7081824764663287,978,22096.0,1.0
multiplier_n4,smoothed,1381,16,1.0729893953093352,3,0,1,feasible,1381,1381.0,0.0,0.0,0,0,1,0.7081824764663287,978,22096.0,1.0
multiplier_n4,smoothed,1381,16,1.0729893953093352,3,1,1,feasible,1381,1381.0,0.0,0.0,0,0,1,0.7081824764663287,978,22096.0,1.0
multiplier_n4,smoothed,1381,16,1.0729893953093352,3,2,1,feasible,1381,1381.0,0.0,0.0,0,0,1,0.7081824764663287,978,22096.0,1.0
multiplier_n4,smoothed,1381,16,1.0729893953093352,3,3,1,feasible,1381,1381.0,0.0,0.0,0,0,1,0.7081824764663287,978,22096.0,1.0
multiplier_n4,smoothed,1381,16,1.0729893953093352,3,4,1,feasible,1381,1381.0,0.0,0.0,0,0,1,0.7081824764663287,978,22096.0,1.0
multiplier_n4,smoothed,1381,16,1.0729893953093352,3,5,1,feasible,1381,1381.0,0.0,0.0,0,0,1,0.7081824764663287,978,22096.0,1.0
multiplier_n4,smoothed,1381,16,1.0729893953093352,3,6,1,feasible,1381,1381.0,0.0,0.0,0,0,1,0.7081824764663287,978,22096.0,1.0
multiplier_n4,smoothed,1381,16,1.0729893953093352,3,7,1,feasible,1381,1381.0,0.0,0.0,0,0,1,0.7081824764663287,978,22096.0,1.0
multiplier_n4,smoothed,1381,16,1.0729893953093352,3,8,1,feasible,1381,1381.0,0.0,0.0,0,0,1,0.7081824764663287,978,22096.0,1.0
multiplier_n4,smoothed,1381,16,1.0729893953093352,3,9,1,feasible,1381,1381.0,0.0,0.0,0,0,1,0.7081824764663287,978,22096.0,1.0
multiplier_n4,smoothed,1381,16,1.0729893953093352,3,10,1,feasible,1381,1381.0,0.0,0.0,0,0,1,0.7081824764663287,978,22096.0,1.0
multiplier_n4,smoothed,1381,16,1.0729893953093352,3,11,1,feasible,1381,1381.0,0.0,0.0,0,0,1,0.7081824764663287,978,22096.0,1.0
multiplier_n4,smoothed,1381,16,1.0729893953093352,3,12,1,feasible,1381,1381.0,0.0,0.0,0,0,1,0.7081824764663287,978,22096.0,1.0
multiplier_n4,smoothed,1381,16,1.0729893953093352,3,13,1,feasible,1381,1381.0,0.0,0.0,0,0,1,0.7081824764663287,978,22096.0,1.0
multiplier_n4,smoothed,1381,16,1.0729893953093352,3,14,1,feasible,1381,1381.0,0.0,0.0,0,0,1,0.7081824764663287,978,22096.0,1.0
multiplier_n4,smoothed,1381,16,1.0729893953093352,3,15,1,feasible,1381,1381.0,0.0,0.0,0,0,1,0.7081824764663287,978,22096.0,1.0
multiplier_n4,smoothed,1381,16,1.0729893953093352,4,0,1,feasible,1381,1381.0,0.0,0.0,0,0,1,0.7081824764663287,978,22096.0,1.0
multiplier_n4,smoothed,1381,16,1.0729893953093352,4,1,1,feasible,1381,1381.0,0.0,0.0,0,0,1,0.7081824764663287,978,22096.0,1.0
multiplier_n4,smoothed,1381,16,1.0729893953093352,4,2,1,feasible,1381,1381.0,0.0,0.0,0,0,1,0.7081824764663287,978,22096.0,1.0
multiplier_n4,smoothed,1381,16,1.0729893953093352,4,3,1,feasible,1381,1381.0,0.0,0.0,0,0,1,0.7081824764663287,978,22096.0,1.0
multiplier_n4,smoothed,1381,16,1.0729893953093352,4,4,1,feasible,1381,1381.0,0.0,0.0,0,0,1,0.7081824764663287,978,22096.0,1.0
multiplier_n4,smoothed,1381,16,1.0729893953093352,4,5,1,feasible,1381,1381.0,0.0,0.0,0,0,1,0.7081824764663287,978,22096.0,1.0
multiplier_n4,smoothed,1381,16,1.0729893953093352,4,6,1,feasible,1381,1381.0,0.0,0.0,0,0,1,0.7081824764663287,978,22096.0,1.0
multiplier_n4,smoothed,1381,16,1.0729893953093352,4,7,1,feasible,1381,1381.0,0.0,0.0,0,0,1,0.7081824764663287,978,22096.0,1.0
multiplier_n4,smoothed,1381,16,1.0729893953093352,4,8,1,feasible,1381,1381.0,0.0,0.0,0,0,1,0.7081824764663287,978,22096.0,1.0
multiplier_n4,smoothed,1381,16,1.0729893953093352,4,9,1,feasible,1381,1381.0,0.0,0.0,0,0,1,0.7081824764663287,978,22096.0,1.0
multiplier_n4,smoothed,1381,16,1.0729893953093352,4,10,1,feasible,1381,1381.0,0.0,0.0,0,0,1,0.7081824764663287,978,22096.0,1.0
multiplier_n4,smoothed,1381,16,1.0729893953093352,4,11,1,feasible,1381,1381.0,0.0,0.0,0,0,1,0.7081824764663287,978,22096.0,1.0
multiplier_n4,smoothed,1381,16,1.0729893953093352,4,12,1,feasible,1381,1381.0,0.0,0.0,0,0,1,0.7081824764663287,978,22096.0,1.0
multiplier_n4,smoothed,1381,16,1.0729893953093352,4,13,1,feasible,1381,1381.0,0.0,0.0,0,0,1,0.7081824764663287,978,22096.0,1.0
multiplier_n4,smoothed,1381,16,1.0729893953093352,4,14,1,feasible,1381,1381.0,0.0,0.0,0,0,1,0.7081824764663287,978,22096.0,1.0
multiplier_n4,smoothed,1381,16,1.0729893953093352,4,15,1,feasible,1381,1381.0,0.0,0.0,0,0,1,0.7081824764663287,978,22096.0,1.0
multiplier_n4,smoothed,1381,16,1.0729893953093352,5,0,1,feasible,1381,1381.0,0.0,0.0,0,0,1,0.7081824764663287,978,22096.0,1.0
multiplier_n4,smoothed,1381,16,1.0729893953093352,5,1,1,feasible,1381,1381.0,0.0,0.0,0,0,1,0.7081824764663287,978,22096.0,1.0
multiplier_n4,smoothed,1381,16,1.0729893953093352,5,2,1,feasible,1381,1381.0,0.0,0.0,0,0,1,0.7081824764663287,978,22096.0,1.0
multiplier_n4,smoothed,1381,16,1.0729893953093352,5,3,1,feasible,1381,1381.0,0.0,0.0,0,0,1,0.7081824764663287,978,22096.0,1.0
multiplier_n4,smoothed,1381,16,1.0729893953093352,5,4,1,feasible,1381,1381.0,0.0,0.0,0,0,1,0.7081824764663287,978,22096.0,1.0
multiplier_n4,smoothed,1381,16,1.0729893953093352,5,5,1,feasible,1381,1381.0,0.0,0.0,0,0,1,0.7081824764663287,978,22096.0,1.0
multiplier_n4,smoothed,1381,16,1.0729893953093352,5,6,1,feasible,1381,1381.0,0.0,0.0,0,0,1,0.7081824764663287,978,22096.0,1.0
multiplier_n4,smoothed,1381,16,1.0729893953093352,5,7,1,feasible,1381,1381.0,0.0,0.0,0,0,1,0.7081824764663287,978,22096.0,1.0
multiplier_n4,smoothed,1381,16,1.0729893953093352,5,8,1,feasible,1381,1381.0,0.0,0.0,0,0,1,0.7081824764663287,978,22096.0,1.0
multiplier_n4,smoothed,1381,16,1.0729893953093352,5,9,1,feasible,1381,1381.0,0.0,0.0,0,0,1,0.7081824764663287,978,22096.0,1.0
multiplier_n4,smoothed,1381,16,1.0729893953093352,5,10,1,feasible,1381,1381.0,0.0,0.0,0,0,1,0.7081824764663287,978,22096.0,1.0
multiplier_n4,smoothed,1381,16,1.0729893953093352,5,11,1,feasible,1381,1381.0,0.0,0.0,0,0,1,0.7081824764663287,978,22096.0,1.0
multiplier_n4,smoothed,1381,16,1.0729893953093352,5,12,1,feasible,1381,1381.0,0.0,0.0,0,0,1,0.7081824764663287,978,22096.0,1.0
multiplier_n4,smoothed,1381,16,1.0729893953093352,5,13,1,feasible,1381,1381.0,0.0,0.0,0,0,1,0.7081824764663287,978,22096.0,1.0
multiplier_n4,smoothed,1381,16,1.0729893953093352,5,14,1,feasible,1381,1381.0,0.0,0.0,0,0,1,0.7081824764663287,978,22096.0,1.0
multiplier_n4,smoothed,1381,16,1.0729893953093352,5,15,1,feasible,1381,1381.0,0.0,0.0,0,0,1,0.7081824764663287,978,22096.0,1.0
multiplier_n4,smoothed,1381,16,1.0729893953093352,6,0,1,feasible,1381,1381.0,0.0,0.0,0,0,1,0.7081824764663287,978,22096.0,1.0
multiplier_n4,smoothed,1381,16,1.0729893953093352,6,1,1,feasible,1381,1381.0,0.0,0.0,0,0,1,0.7081824764663287,978,22096.0,1.0
multiplier_n4,smoothed,1381,16,1.0729893953093352,6,2,1,feasible,1381,1381.0,0.0,0.0,0,0,1,0.7081824764663287,978,22096.0,1.0
multiplier_n4,smoothed,1381,16,1.0729893953093352,6,3,1,feasible,1381,1381.0,0.0,0.0,0,0,1,0.7081824764663287,978,22096.0,1.0
multiplier_n4,smoothed,1381,16,1.0729893953093352,6,4,1,feasible,1381,1381.0,0.0,0.0,0,0,1,0.7081824764663287,978,22096.0,1.0
multiplier_n4,smoothed,1381,16,1.0729893953093352,6,5,1,feasible,1381,1381.0,0.0,0.0,0,0,1,0.7081824764663287,978,22096.0,1.0
multiplier_n4,smoothed,1381,16,1.0729893953093352,6,6,1,feasible,1381,1381.0,0.0,0.0,0,0,1,0.7081824764663287,978,22096.0,1.0
multiplier_n4,smoothed,1381,16,1.0729893953093352,6,7,1,feasible,1381,1381.0,0.0,0.0,0,0,1,0.7081824764663287,978,22096.0,1.0
multiplier_n4,smoothed,1381,16,1.0729893953093352,6,8,1,feasible,1381,1381.0,0.0,0.0,0,0,1,0.7081824764663287,978,22096.0,1.0
multiplier_n4,smoothed,1381,16,1.0729893953093352,6,9,1,feasible,1381,1381.0,0.0,0.0,0,0,1,0.7081824764663287,978,22096.0,1.0
multiplier_n4,smoothed,1381,16,1.0729893953093352,6,10,1,feasible,1381,1381.0,0.0,0.0,0,0,1,0.7081824764663287,978,22096.0,1.0
multiplier_n4,smoothed,1381,16,1.0729893953093352,6,11,1,feasible,1381,1381.0,0.0,0.0,0,0,1,0.7081824764663287,978,22096.0,1.0
multiplier_n4,smoothed,1381,16,1.0729893953093352,6,12,1,feasible,1381,1381.0,0.0,0.0,0,0,1,0.7081824764663287,978,22096.0,1.0
multiplier_n4,smoothed,1381,16,1.0729893953093352,6,13,1,feasible,1381,1381.0,0.0,0.0,0,0,1,0.7081824764663287,978,22096.0,1.0
multiplier_n4,smoothed,1381,16,1.0729893953093352,6,14,1,feasible,1381,1381.0,0.0,0.0,0,0,1,0.7081824764663287,978,22096.0,1.0
multiplier_n4,smoothed,1381,16,1.0729893953093352,6,15,1,feasible,1381,1381.0,0.0,0.0,0,0,1,0.7081824764663287,978,22096.0,1.0
multiplier_n4,smoothed,1381,16,1.0729893953093352,7,0,1,feasible,1381,1381.0,0.0,0.0,0,0,1,0.7081824764663287,978,22096.0,1.0
multiplier_n4,smoothed,1381,16,1.0729893953093352,7,1,1,feasible,1381,1381.0,0.0,0.0,0,0,1,0.7081824764663287,978,22096.0,1.0
multiplier_n4,smoothed,1381,16,1.0729893953093352,7,2,1,feasible,1381,1381.0,0.0,0.0,0,0,1,0.7081824764663287,978,22096.0,1.0
multiplier_n4,smoothed,1381,16,1.0729893953093352,7,3,1,feasible,1381,1381.0,0.0,0.0,0,0,1,0.7081824764663287,978,22096.0,1.0
multiplier_n4,smoothed,1381,16,1.0729893953093352,7,4,1,feasible,1381,1381.0,0.0,0.0,0,0,1,0.7081824764663287,978,22096.0,1.0
multiplier_n4,smoothed,1381,16,1.0729893953093352,7,5,1,feasible,1381,1381.0,0.0,0.0,0,0,1,0.7081824764663287,978,22096.0,1.0
multiplier_n4,smoothed,1381,16,1.0729893953093352,7,6,1,feasible,1381,1381.0,0.0,0.0,0,0,1,0.7081824764663287,978,22096.0,1.0
multiplier_n4,smoothed,1381,16,1.0729893953093352,7,7,1,feasible,1381,1381.0,0.0,0.0,0,0,1,0.7081824764663287,978,22096.0,1.0
multiplier_n4,smoothed,1381,16,1.0729893953093352,7,8,1,feasible,1381,1381.0,0.0,0.0,0,0,1,0.7081824764663287,978,22096.0,1.0
multiplier_n4,smoothed,1381,16,1.0729893953093352,7,9,1,feasible,1381,1381.0,0.0,0.0,0,0,1,0.7081824764663287,978,22096.0,1.0
multiplier_n4,smoothed,1381,16,1.0729893953093352,7,10,1,feasible,1381,1381.0,0.0,0.0,0,0,1,0.7081824764663287,978,22096.0,1.0
multiplier_n4,smoothed,1381,16,1.0729893953093352,7,11,1,feasible,1381,1381.0,0.0,0.0,0,0,1,0.7081824764663287,978,22096.0,1.0
multiplier_n4,smoothed,1381,16,1.0729893953093352,7,12,1,feasible,1381,1381.0,0.0,0.0,0,0,1,0.7081824764663287,978,22096.0,1.0
multiplier_n4,smoothed,1381,16,1.0729893953093352,7,13,1,feasible,1381,1381.0,0.0,0.0,0,0,1,0.7081824764663287,978,22096.0,1.0
multiplier_n4,smoothed,1381,16,1.0729893953093352,7,14,1,feasible,1381,1381.0,0.0,0.0,0,0,1,0.7081824764663287,978,22096.0,1.0
multiplier_n4,smoothed,1381,16,1.0729893953093352,7,15,1,feasible,1381,1381.0,0.0,0.0,0,0,1,0.7081824764663287,978,22096.0,1.0
