trace_name,C,B,real_trace_compressibility,Delta_max_capacity_aware_static,Delta_max_smoothed,Delta_max_static_min,Gamma_capacity_aware_static,Gamma_smoothed,Gamma_static_min,QTV_proxy_capacity_aware_static,QTV_proxy_smoothed,QTV_proxy_static_min,T_exe_capacity_aware_static,T_exe_smoothed,T_exe_static_min,T_static_capacity_aware_static,T_static_smoothed,T_static_static_min,feasible_capacity_aware_static,feasible_smoothed,feasible_static_min,stall_cycles_capacity_aware_static,stall_cycles_smoothed,stall_cycles_static_min,both_feasible,inversion,T_exe_improvement,stall_reduction,relative_change_in_QTV
qft_n8,1,0,0.7440525026712468,0,303771,303771,0,347727,372461,6738720.0,inf,inf,842340.0,inf,inf,842340,549736,549736,1,0,0,0.0,inf,inf,0,0,0.0,0.0,0.0
qft_n8,1,1,0.7440525026712468,0,303771,303771,0,347727,372461,6738720.0,6998152.0,inf,842340.0,874769.0,inf,842340,549736,549736,1,1,0,0.0,325033.0,inf,0,0,0.0,0.0,0.0
qft_n8,1,2,0.7440525026712468,0,303771,303771,0,347727,372461,6738720.0,6998144.0,inf,842340.0,874768.0,inf,842340,549736,549736,1,1,0,0.0,325032.0,inf,0,0,0.0,0.0,0.0
qft_n8,1,3,0.7440525026712468,0,303771,303771,0,347727,372461,6738720.0,6998136.0,inf,842340.0,874767.0,inf,842340,549736,549736,1,1,0,0.0,325031.0,inf,0,0,0.0,0.0,0.0
qft_n8,1,4,0.7440525026712468,0,303771,303771,0,347727,372461,6738720.0,6998128.0,inf,842340.0,874766.0,inf,842340,549736,549736,1,1,0,0.0,325030.0,inf,0,0,0.0,0.0,0.0
qft_n8,1,5,0.7440525026712468,0,303771,303771,0,347727,372461,6738720.0,6998120.0,6998120.0,842340.0,874765.0,874765.0,842340,549736,549736,1,1,1,0.0,325029.0,325029.0,1,0,0.0,0.0,0.0
qft_n8,1,6,0.7440525026712468,0,303771,303771,0,347727,372461,6738720.0,6998112.0,6998112.0,842340.0,874764.0,874764.0,842340,549736,549736,1,1,1,0.0,325028.0,325028.0,1,0,0.0,0.0,0.0
qft_n8,1,7,0.7440525026712468,0,303771,303771,0,347727,372461,6738720.0,6998104.0,6998104.0,842340.0,874763.0,874763.0,842340,549736,549736,1,1,1,0.0,325027.0,325027.0,1,0,0.0,0.0,0.0
qft_n8,1,8,0.7440525026712468,0,303771,303771,0,347727,372461,6738720.0,6998096.0,6998096.0,842340.0,874762.0,874762.0,842340,549736,549736,1,1,1,0.0,325026.0,325026.0,1,0,0.0,0.0,0.0
qft_n8,1,9,0.7440525026712468,0,303771,303771,0,347727,372461,6738720.0,6998088.0,6998088.0,842340.0,874761.0,874761.0,842340,549736,549736,1,1,1,0.0,325025.0,325025.0,1,0,0.0,0.0,0.0
qft_n8,1,10,0.7440525026712468,0,303771,303771,0,347727,372461,6738720.0,6998080.0,6998080.0,842340.0,874760.0,874760.0,842340,549736,549736,1,1,1,0.0,325024.0,325024.0,1,0,0.0,0.0,0.0
qft_n8,1,11,0.7440525026712468,0,303771,303771,0,347727,372461,6738720.0,6998072.0,6998072.0,842340.0,874759.0,874759.0,842340,549736,549736,1,1,1,0.0,325023.0,325023.0,1,0,0.0,0.0,0.0
qft_n8,1,12,0.7440525026712468,0,303771,303771,0,347727,372461,6738720.0,6998064.0,6998064.0,842340.0,874758.0,874758.0,842340,549736,549736,1,1,1,0.0,325022.0,325022.0,1,0,0.0,0.0,0.0
qft_n8,1,13,0.7440525026712468,0,303771,303771,0,347727,372461,6738720.0,6998056.0,6998056.0,842340.0,874757.0,874757.0,842340,549736,549736,1,1,1,0.0,325021.0,325021.0,1,0,0.0,0.0,0.0
qft_n8,1,14,0.7440525026712468,0,303771,303771,0,347727,372461,6738720.0,6998048.0,6998048.0,842340.0,874756.0,874756.0,842340,549736,549736,1,1,1,0.0,325020.0,325020.0,1,0,0.0,0.0,0.0
qft_n8,1,15,0.7440525026712468,0,303771,303771,0,347727,372461,6738720.0,6998040.0,6998040.0,842340.0,874755.0,874755.0,842340,549736,549736,1,1,1,0.0,325019.0,325019.0,1,0,0.0,0.0,0.0
qft_n8,2,0,0.7440525026712468,0,0,0,0,0,129369,4397888.0,4397888.0,inf,549736.0,549736.0,inf,549736,549736,549736,1,1,0,0.0,0.0,inf,0,0,0.0,0.0,0.0
qft_n8,2,1,0.7440525026712468,0,0,0,0,0,129369,4397888.0,4397888.0,inf,549736.0,549736.0,inf,549736,549736,549736,1,1,0,0.0,0.0,inf,0,0,0.0,0.0,0.0
qft_n8,2,2,0.7440525026712468,0,0,0,0,0,129369,4397888.0,4397888.0,inf,549736.0,549736.0,inf,549736,549736,549736,1,1,0,0.0,0.0,inf,0,0,0.0,0.0,0.0
qft_n8,2,3,0.7440525026712468,0,0,0,0,0,129369,4397888.0,4397888.0,inf,549736.0,549736.0,inf,549736,549736,549736,1,1,0,0.0,0.0,inf,0,0,0.0,0.0,0.0
qft_n8,2,4,0.7440525026712468,0,0,0,0,0,129369,4397888.0,4397888.0,4699520.0,549736.0,549736.0,587440.0,549736,549736,549736,1,1,1,0.0,0.0,37704.0,1,0,0.06418357619501566,37704.0,-0.06418357619501566
qft_n8,2,5,0.7440525026712468,0,0,0,0,0,129369,4397888.0,4397888.0,4698704.0,549736.0,549736.0,587338.0,549736,549736,549736,1,1,1,0.0,0.0,37602.0,1,0,0.0640210577214483,37602.0,-0.0640210577214483
qft_n8,2,6,0.7440525026712468,0,0,0,0,0,129369,4397888.0,4397888.0,4698672.0,549736.0,549736.0,587334.0,549736,549736,549736,1,1,1,0.0,0.0,37598.0,1,0,0.06401468329774881,37598.0,-0.06401468329774881
qft_n8,2,7,0.7440525026712468,0,0,0,0,0,129369,4397888.0,4397888.0,4698664.0,549736.0,549736.0,587333.0,549736,549736,549736,1,1,1,0.0,0.0,37597.0,1,0,0.06401308967825747,37597.0,-0.06401308967825747
qft_n8,2,8,0.7440525026712468,0,0,0,0,0,129369,4397888.0,4397888.0,4698632.0,549736.0,549736.0,587329.0,549736,549736,549736,1,1,1,0.0,0.0,37593.0,1,0,0.06400671514602548,37593.0,-0.06400671514602548
qft_n8,2,9,0.7440525026712468,0,0,0,0,0,129369,4397888.0,4397888.0,4698624.0,549736.0,549736.0,587328.0,549736,549736,549736,1,1,1,0.0,0.0,37592.0,1,0,0.06400512149940067,37592.0,-0.06400512149940067
qft_n8,2,10,0.7440525026712468,0,0,0,0,0,129369,4397888.0,4397888.0,4698592.0,549736.0,549736.0,587324.0,549736,549736,549736,1,1,1,0.0,0.0,37588.0,1,0,0.0639987468586334,37588.0,-0.0639987468586334
qft_n8,2,11,0.7440525026712468,0,0,0,0,0,129369,4397888.0,4397888.0,4698584.0,549736.0,549736.0,587323.0,549736,549736,549736,1,1,1,0.0,0.0,37587.0,1,0,0.06399715318487442,37587.0,-0.06399715318487442
qft_n8,2,12,0.7440525026712468,0,0,0,0,0,129369,4397888.0,4397888.0,4698552.0,549736.0,549736.0,587319.0,549736,549736,549736,1,1,1,0.0,0.0,37583.0,1,0,0.06399077843556909,37583.0,-0.06399077843556909
qft_n8,2,13,0.7440525026712468,0,0,0,0,0,129369,4397888.0,4397888.0,4698544.0,549736.0,549736.0,587318.0,549736,549736,549736,1,1,1,0.0,0.0,37582.0,1,0,0.06398918473467526,37582.0,-0.06398918473467526
qft_n8,2,14,0.7440525026712468,0,0,0,0,0,129369,4397888.0,4397888.0,4698512.0,549736.0,549736.0,587314.0,549736,549736,549736,1,1,1,0.0,0.0,37578.0,1,0,0.06398280987682908,37578.0,-0.06398280987682908
qft_n8,2,15,0.7440525026712468,0,0,0,0,0,129369,4397888.0,4397888.0,4698504.0,549736.0,549736.0,587313.0,549736,549736,549736,1,1,1,0.0,0.0,37577.0,1,0,0.0639812161487997,37577.0,-0.0639812161487997
qft_n8,3,0,0.7440525026712468,0,0,0,0,0,33667,4397888.0,4397888.0,inf,549736.0,549736.0,inf,549736,549736,549736,1,1,0,0.0,0.0,inf,0,0,0.0,0.0,0.0
qft_n8,3,1,0.7440525026712468,0,0,0,0,0,33667,4397888.0,4397888.0,inf,549736.0,549736.0,inf,549736,549736,549736,1,1,0,0.0,0.0,inf,0,0,0.0,0.0,0.0
qft_n8,3,2,0.7440525026712468,0,0,0,0,0,33667,4397888.0,4397888.0,inf,549736.0,549736.0,inf,549736,549736,549736,1,1,0,0.0,0.0,inf,0,0,0.0,0.0,0.0
qft_n8,3,3,0.7440525026712468,0,0,0,0,0,33667,4397888.0,4397888.0,4415880.0,549736.0,549736.0,551985.0,549736,549736,549736,1,1,1,0.0,0.0,2249.0,1,0,0.004074386079331866,2249.0,-0.004074386079331866
qft_n8,3,4,0.7440525026712468,0,0,0,0,0,33667,4397888.0,4397888.0,4413416.0,549736.0,549736.0,551677.0,549736,549736,549736,1,1,1,0.0,0.0,1941.0,1,0,0.0035183631001473687,1941.0,-0.0035183631001473687
qft_n8,3,5,0.7440525026712468,0,0,0,0,0,33667,4397888.0,4397888.0,4413040.0,549736.0,549736.0,551630.0,549736,549736,549736,1,1,1,0.0,0.0,1894.0,1,0,0.0034334608342548446,1894.0,-0.0034334608342548446
qft_n8,3,6,0.7440525026712468,0,0,0,0,0,33667,4397888.0,4397888.0,4413040.0,549736.0,549736.0,551630.0,549736,549736,549736,1,1,1,0.0,0.0,1894.0,1,0,0.0034334608342548446,1894.0,-0.0034334608342548446
qft_n8,3,7,0.7440525026712468,0,0,0,0,0,33667,4397888.0,4397888.0,4413032.0,549736.0,549736.0,551629.0,549736,549736,549736,1,1,1,0.0,0.0,1893.0,1,0,0.003431654245879024,1893.0,-0.003431654245879024
qft_n8,3,8,0.7440525026712468,0,0,0,0,0,33667,4397888.0,4397888.0,4413024.0,549736.0,549736.0,551628.0,549736,549736,549736,1,1,1,0.0,0.0,1892.0,1,0,0.0034298476509531787,1892.0,-0.0034298476509531787
qft_n8,3,9,0.7440525026712468,0,0,0,0,0,33667,4397888.0,4397888.0,4413024.0,549736.0,549736.0,551628.0,549736,549736,549736,1,1,1,0.0,0.0,1892.0,1,0,0.0034298476509531787,1892.0,-0.0034298476509531787
qft_n8,3,10,0.7440525026712468,0,0,0,0,0,33667,4397888.0,4397888.0,4413016.0,549736.0,549736.0,551627.0,549736,549736,549736,1,1,1,0.0,0.0,1891.0,1,0,0.0034280410494772736,1891.0,-0.0034280410494772736
qft_n8,3,11,0.7440525026712468,0,0,0,0,0,33667,4397888.0,4397888.0,4413008.0,549736.0,549736.0,551626.0,549736,549736,549736,1,1,1,0.0,0.0,1890.0,1,0,0.0034262344414512733,1890.0,-0.0034262344414512733
qft_n8,3,12,0.7440525026712468,0,0,0,0,0,33667,4397888.0,4397888.0,4413008.0,549736.0,549736.0,551626.0,549736,549736,549736,1,1,1,0.0,0.0,1890.0,1,0,0.0034262344414512733,1890.0,-0.0034262344414512733
qft_n8,3,13,0.7440525026712468,0,0,0,0,0,33667,4397888.0,4397888.0,4413000.0,549736.0,549736.0,551625.0,549736,549736,549736,1,1,1,0.0,0.0,1889.0,1,0,0.0034244278268751416,1889.0,-0.0034244278268751416
qft_n8,3,14,0.7440525026712468,0,0,0,0,0,33667,4397888.0,4397888.0,4412992.0,549736.0,549736.0,551624.0,549736,549736,549736,1,1,1,0.0,0.0,1888.0,1,0,0.0034226212057488436,1888.0,-0.0034226212057488436
qft_n8,3,15,0.7440525026712468,0,0,0,0,0,33667,4397888.0,4397888.0,4412992.0,549736.0,549736.0,551624.0,549736,549736,549736,1,1,1,0.0,0.0,1888.0,1,0,0.0034226212057488436,1888.0,-0.0034226212057488436
qft_n8,4,0,0.7440525026712468,0,0,0,0,0,6078,4397888.0,4397888.0,inf,549736.0,549736.0,inf,549736,549736,549736,1,1,0,0.0,0.0,inf,0,0,0.0,0.0,0.0
qft_n8,4,1,0.7440525026712468,0,0,0,0,0,6078,4397888.0,4397888.0,inf,549736.0,549736.0,inf,549736,549736,549736,1,1,0,0.0,0.0,inf,0,0,0.0,0.0,0.0
qft_n8,4,2,0.7440525026712468,0,0,0,0,0,6078,4397888.0,4397888.0,4397920.0,549736.0,549736.0,549740.0,549736,549736,549736,1,1,1,0.0,0.0,4.0,1,0,7.2761669152690366e-06,4.0,-7.2761669152690366e-06
qft_n8,4,3,0.7440525026712468,0,0,0,0,0,6078,4397888.0,4397888.0,4397888.0,549736.0,549736.0,549736.0,549736,549736,549736,1,1,1,0.0,0.0,0.0,1,0,0.0,0.0,0.0
qft_n8,4,4,0.7440525026712468,0,0,0,0,0,6078,4397888.0,4397888.0,4397888.0,549736.0,549736.0,549736.0,549736,549736,549736,1,1,1,0.0,0.0,0.0,1,0,0.0,0.0,0.0
qft_n8,4,5,0.7440525026712468,0,0,0,0,0,6078,4397888.0,4397888.0,4397888.0,549736.0,549736.0,549736.0,549736,549736,549736,1,1,1,0.0,0.0,0.0,1,0,0.0,0.0,0.0
qft_n8,4,6,0.7440525026712468,0,0,0,0,0,6078,4397888.0,4397888.0,4397888.0,549736.0,549736.0,549736.0,549736,549736,549736,1,1,1,0.0,0.0,0.0,1,0,0.0,0.0,0.0
qft_n8,4,7,0.7440525026712468,0,0,0,0,0,6078,4397888.0,4397888.0,4397888.0,549736.0,549736.0,549736.0,549736,549736,549736,1,1,1,0.0,0.0,0.0,1,0,0.0,0.0,0.0
qft_n8,4,8,0.7440525026712468,0,0,0,0,0,6078,4397888.0,4397888.0,4397888.0,549736.0,549736.0,549736.0,549736,549736,549736,1,1,1,0.0,0.0,0.0,1,0,0.0,0.0,0.0
qft_n8,4,9,0.7440525026712468,0,0,0,0,0,6078,4397888.0,4397888.0,4397888.0,549736.0,549736.0,549736.0,549736,549736,549736,1,1,1,0.0,0.0,0.0,1,0,0.0,0.0,0.0
qft_n8,4,10,0.7440525026712468,0,0,0,0,0,6078,4397888.0,4397888.0,4397888.0,549736.0,549736.0,549736.0,549736,549736,549736,1,1,1,0.0,0.0,0.0,1,0,0.0,0.0,0.0
qft_n8,4,11,0.7440525026712468,0,0,0,0,0,6078,4397888.0,4397888.0,4397888.0,549736.0,549736.0,549736.0,549736,549736,549736,1,1,1,0.0,0.0,0.0,1,0,0.0,0.0,0.0
qft_n8,4,12,0.7440525026712468,0,0,0,0,0,6078,4397888.0,4397888.0,4397888.0,549736.0,549736.0,549736.0,549736,549736,549736,1,1,1,0.0,0.0,0.0,1,0,0.0,0.0,0.0
qft_n8,4,13,0.7440525026712468,0,0,0,0,0,6078,4397888.0,4397888.0,4397888.0,549736.0,549736.0,549736.0,549736,549736,549736,1,1,1,0.0,0.0,0.0,1,0,0.0,0.0,0.0
qft_n8,4,14,0.7440525026712468,0,0,0,0,0,6078,4397888.0,4397888.0,4397888.0,549736.0,549736.0,549736.0,549736,549736,549736,1,1,1,0.0,0.0,0.0,1,0,0.0,0.0,0.0
qft_n8,4,15,0.7440525026712468,0,0,0,0,0,6078,4397888.0,4397888.0,4397888.0,549736.0,549736.0,549736.0,549736,549736,549736,1,1,1,0.0,0.0,0.0,1,0,0.0,0.0,0.0
qft_n8,5,0,0.7440525026712468,0,0,0,0,0,522,4397888.0,4397888.0,inf,549736.0,549736.0,inf,549736,549736,549736,1,1,0,0.0,0.0,inf,0,0,0.0,0.0,0.0
qft_n8,5,1,0.7440525026712468,0,0,0,0,0,522,4397888.0,4397888.0,4397888.0,549736.0,549736.0,549736.0,549736,549736,549736,1,1,1,0.0,0.0,0.0,1,0,0.0,0.0,0.0
qft_n8,5,2,0.7440525026712468,0,0,0,0,0,522,4397888.0,4397888.0,4397888.0,549736.0,549736.0,549736.0,549736,549736,549736,1,1,1,0.0,0.0,0.0,1,0,0.0,0.0,0.0
qft_n8,5,3,0.7440525026712468,0,0,0,0,0,522,4397888.0,4397888.0,4397888.0,549736.0,549736.0,549736.0,549736,549736,549736,1,1,1,0.0,0.0,0.0,1,0,0.0,0.0,0.0
qft_n8,5,4,0.7440525026712468,0,0,0,0,0,522,4397888.0,4397888.0,4397888.0,549736.0,549736.0,549736.0,549736,549736,549736,1,1,1,0.0,0.0,0.0,1,0,0.0,0.0,0.0
qft_n8,5,5,0.7440525026712468,0,0,0,0,0,522,4397888.0,4397888.0,4397888.0,549736.0,549736.0,549736.0,549736,549736,549736,1,1,1,0.0,0.0,0.0,1,0,0.0,0.0,0.0
qft_n8,5,6,0.7440525026712468,0,0,0,0,0,522,4397888.0,4397888.0,4397888.0,549736.0,549736.0,549736.0,549736,549736,549736,1,1,1,0.0,0.0,0.0,1,0,0.0,0.0,0.0
qft_n8,5,7,0.7440525026712468,0,0,0,0,0,522,4397888.0,4397888.0,4397888.0,549736.0,549736.0,549736.0,549736,549736,549736,1,1,1,0.0,0.0,0.0,1,0,0.0,0.0,0.0
qft_n8,5,8,0.7440525026712468,0,0,0,0,0,522,4397888.0,4397888.0,4397888.0,549736.0,549736.0,549736.0,549736,549736,549736,1,1,1,0.0,0.0,0.0,1,0,0.0,0.0,0.0
qft_n8,5,9,0.7440525026712468,0,0,0,0,0,522,4397888.0,4397888.0,4397888.0,549736.0,549736.0,549736.0,549736,549736,549736,1,1,1,0.0,0.0,0.0,1,0,0.0,0.0,0.0
qft_n8,5,10,0.7440525026712468,0,0,0,0,0,522,4397888.0,4397888.0,4397888.0,549736.0,549736.0,549736.0,549736,549736,549736,1,1,1,0.0,0.0,0.0,1,0,0.0,0.0,0.0
qft_n8,5,11,0.7440525026712468,0,0,0,0,0,522,4397888.0,4397888.0,4397888.0,549736.0,549736.0,549736.0,549736,549736,549736,1,1,1,0.0,0.0,0.0,1,0,0.0,0.0,0.0
qft_n8,5,12,0.7440525026712468,0,0,0,0,0,522,4397888.0,4397888.0,4397888.0,549736.0,549736.0,549736.0,549736,549736,549736,1,1,1,0.0,0.0,0.0,1,0,0.0,0.0,0.0
qft_n8,5,13,0.7440525026712468,0,0,0,0,0,522,4397888.0,4397888.0,4397888.0,549736.0,549736.0,549736.0,549736,549736,549736,1,1,1,0.0,0.0,0.0,1,0,0.0,0.0,0.0
qft_n8,5,14,0.7440525026712468,0,0,0,0,0,522,4397888.0,4397888.0,4397888.0,549736.0,549736.0,549736.0,549736,549736,549736,1,1,1,0.0,0.0,0.0,1,0,0.0,0.0,0.0
qft_n8,5,15,0.7440525026712468,0,0,0,0,0,522,4397888.0,4397888.0,4397888.0,549736.0,549736.0,549736.0,549736,549736,549736,1,1,1,0.0,0.0,0.0,1,0,0.0,0.0,0.0
qft_n8,6,0,0.7440525026712468,0,0,0,0,0,0,4397888.0,4397888.0,4397888.0,549736.0,549736.0,549736.0,549736,549736,549736,1,1,1,0.0,0.0,0.0,1,0,0.0,0.0,0.0
qft_n8,6,1,0.7440525026712468,0,0,0,0,0,0,4397888.0,4397888.0,4397888.0,549736.0,549736.0,549736.0,549736,549736,549736,1,1,1,0.0,0.0,0.0,1,0,0.0,0.0,0.0
qft_n8,6,2,0.7440525026712468,0,0,0,0,0,0,4397888.0,4397888.0,4397888.0,549736.0,549736.0,549736.0,549736,549736,549736,1,1,1,0.0,0.0,0.0,1,0,0.0,0.0,0.0
qft_n8,6,3,0.7440525026712468,0,0,0,0,0,0,4397888.0,4397888.0,4397888.0,549736.0,549736.0,549736.0,549736,549736,549736,1,1,1,0.0,0.0,0.0,1,0,0.0,0.0,0.0
qft_n8,6,4,0.7440525026712468,0,0,0,0,0,0,4397888.0,4397888.0,4397888.0,549736.0,549736.0,549736.0,549736,549736,549736,1,1,1,0.0,0.0,0.0,1,0,0.0,0.0,0.0
qft_n8,6,5,0.7440525026712468,0,0,0,0,0,0,4397888.0,4397888.0,4397888.0,549736.0,549736.0,549736.0,549736,549736,549736,1,1,1,0.0,0.0,0.0,1,0,0.0,0.0,0.0
qft_n8,6,6,0.7440525026712468,0,0,0,0,0,0,4397888.0,4397888.0,4397888.0,549736.0,549736.0,549736.0,549736,549736,549736,1,1,1,0.0,0.0,0.0,1,0,0.0,0.0,0.0
qft_n8,6,7,0.7440525026712468,0,0,0,0,0,0,4397888.0,4397888.0,4397888.0,549736.0,549736.0,549736.0,549736,549736,549736,1,1,1,0.0,0.0,0.0,1,0,0.0,0.0,0.0
qft_n8,6,8,0.7440525026712468,0,0,0,0,0,0,4397888.0,4397888.0,4397888.0,549736.0,549736.0,549736.0,549736,549736,549736,1,1,1,0.0,0.0,0.0,1,0,0.0,0.0,0.0
qft_n8,6,9,0.7440525026712468,0,0,0,0,0,0,4397888.0,4397888.0,4397888.0,549736.0,549736.0,549736.0,549736,549736,549736,1,1,1,0.0,0.0,0.0,1,0,0.0,0.0,0.0
qft_n8,6,10,0.7440525026712468,0,0,0,0,0,0,4397888.0,4397888.0,4397888.0,549736.0,549736.0,549736.0,549736,549736,549736,1,1,1,0.0,0.0,0.0,1,0,0.0,0.0,0.0
qft_n8,6,11,0.7440525026712468,0,0,0,0,0,0,4397888.0,4397888.0,4397888.0,549736.0,549736.0,549736.0,549736,549736,549736,1,1,1,0.0,0.0,0.0,1,0,0.0,0.0,0.0
qft_n8,6,12,0.7440525026712468,0,0,0,0,0,0,4397888.0,4397888.0,4397888.0,549736.0,549736.0,549736.0,549736,549736,549736,1,1,1,0.0,0.0,0.0,1,0,0.0,0.0,0.0
qft_n8,6,13,0.7440525026712468,0,0,0,0,0,0,4397888.0,4397888.0,4397888.0,549736.0,549736.0,549736.0,549736,549736,549736,1,1,1,0.0,0.0,0.0,1,0,0.0,0.0,0.0
qft_n8,6,14,0.7440525026712468,0,0,0,0,0,0,4397888.0,4397888.0,4397888.0,549736.0,549736.0,549736.0,549736,549736,549736,1,1,1,0.0,0.0,0.0,1,0,0.0,0.0,0.0
qft_n8,6,15,0.7440525026712468,0,0,0,0,0,0,4397888.0,4397888.0,4397888.0,549736.0,549736.0,549736.0,549736,549736,549736,1,1,1,0.0,0.0,0.0,1,0,0.0,0.0,0.0
qft_n8,7,0,0.7440525026712468,0,0,0,0,0,0,4397888.0,4397888.0,4397888.0,549736.0,549736.0,549736.0,549736,549736,549736,1,1,1,0.0,0.0,0.0,1,0,0.0,0.0,0.0
qft_n8,7,1,0.7440525026712468,0,0,0,0,0,0,4397888.0,4397888.0,4397888.0,549736.0,549736.0,549736.0,549736,549736,549736,1,1,1,0.0,0.0,0.0,1,0,0.0,0.0,0.0
qft_n8,7,2,0.7440525026712468,0,0,0,0,0,0,4397888.0,4397888.0,4397888.0,549736.0,549736.0,549736.0,549736,549736,549736,1,1,1,0.0,0.0,0.0,1,0,0.0,0.0,0.0
qft_n8,7,3,0.7440525026712468,0,0,0,0,0,0,4397888.0,4397888.0,4397888.0,549736.0,549736.0,549736.0,549736,549736,549736,1,1,1,0.0,0.0,0.0,1,0,0.0,0.0,0.0
qft_n8,7,4,0.7440525026712468,0,0,0,0,0,0,4397888.0,4397888.0,4397888.0,549736.0,549736.0,549736.0,549736,549736,549736,1,1,1,0.0,0.0,0.0,1,0,0.0,0.0,0.0
qft_n8,7,5,0.7440525026712468,0,0,0,0,0,0,4397888.0,4397888.0,4397888.0,549736.0,549736.0,549736.0,549736,549736,549736,1,1,1,0.0,0.0,0.0,1,0,0.0,0.0,0.0
qft_n8,7,6,0.7440525026712468,0,0,0,0,0,0,4397888.0,4397888.0,4397888.0,549736.0,549736.0,549736.0,549736,549736,549736,1,1,1,0.0,0.0,0.0,1,0,0.0,0.0,0.0
qft_n8,7,7,0.7440525026712468,0,0,0,0,0,0,4397888.0,4397888.0,4397888.0,549736.0,549736.0,549736.0,549736,549736,549736,1,1,1,0.0,0.0,0.0,1,0,0.0,0.0,0.0
qft_n8,7,8,0.7440525026712468,0,0,0,0,0,0,4397888.0,4397888.0,4397888.0,549736.0,549736.0,549736.0,549736,549736,549736,1,1,1,0.0,0.0,0.0,1,0,0.0,0.0,0.0
qft_n8,7,9,0.7440525026712468,0,0,0,0,0,0,4397888.0,4397888.0,4397888.0,549736.0,549736.0,549736.0,549736,549736,549736,1,1,1,0.0,0.0,0.0,1,0,0.0,0.0,0.0
qft_n8,7,10,0.7440525026712468,0,0,0,0,0,0,4397888.0,4397888.0,4397888.0,549736.0,549736.0,549736.0,549736,549736,549736,1,1,1,0.0,0.0,0.0,1,0,0.0,0.0,0.0
qft_n8,7,11,0.7440525026712468,0,0,0,0,0,0,4397888.0,4397888.0,4397888.0,549736.0,549736.0,549736.0,549736,549736,549736,1,1,1,0.0,0.0,0.0,1,0,0.0,0.0,0.0
qft_n8,7,12,0.7440525026712468,0,0,0,0,0,0,4397888.0,4397888.0,4397888.0,549736.0,549736.0,549736.0,549736,549736,549736,1,1,1,0.0,0.0,0.0,1,0,0.0,0.0,0.0
qft_n8,7,13,0.7440525026712468,0,0,0,0,0,0,4397888.0,4397888.0,4397888.0,549736.0,549736.0,549736.0,549736,549736,549736,1,1,1,0.0,0.0,0.0,1,0,0.0,0.0,0.0
qft_n8,7,14,0.7440525026712468,0,0,0,0,0,0,4397888.0,4397888.0,4397888.0,549736.0,549736.0,549736.0,549736,549736,549736,1,1,1,0.0,0.0,0.0,1,0,0.0,0.0,0.0
qft_n8,7,15,0.7440525026712468,0,0,0,0,0,0,4397888.0,4397888.0,4397888.0,549736.0,549736.0,549736.0,549736,549736,549736,1,1,1,0.0,0.0,0.0,1,0,0.0,0.0,0.0
