family,seed,legacy_compressibility,slack_ratio,mean_t_slack,C,B,T_static_static_min,T_static_smoothed,T_exe_static_min,T_exe_smoothed,delta_max_static_min,delta_max_smoothed,QTV_proxy_static_min,QTV_proxy_smoothed,relative_T_exe_improvement_static_min_vs_smoothed,relative_QTV_change_static_min_vs_smoothed
high_compressibility,9,0.36453201970443355,1.0,2.5517241379310347,4,2,8,9,12.0,9.0,7,0,172.0,148.0,0.25,-0.13953488372093023
high_compressibility,3,0.4778325123152709,1.0,3.3448275862068964,3,3,8,10,13.0,10.0,11,0,182.0,163.0,0.23076923076923078,-0.1043956043956044
high_compressibility,5,0.4827586206896552,1.0,3.3793103448275863,3,4,8,10,13.0,10.0,11,0,176.0,154.0,0.23076923076923078,-0.125
high_compressibility,9,0.36453201970443355,1.0,2.5517241379310347,4,3,8,9,11.0,9.0,7,0,158.0,148.0,0.18181818181818182,-0.06329113924050633
high_compressibility,9,0.36453201970443355,1.0,2.5517241379310347,5,1,8,9,11.0,9.0,3,0,158.0,148.0,0.18181818181818182,-0.06329113924050633
high_compressibility,1,0.5665024630541872,1.0,3.9655172413793105,3,3,8,10,12.0,10.0,11,0,159.0,155.0,0.16666666666666666,-0.025157232704402517
high_compressibility,1,0.5665024630541872,1.0,3.9655172413793105,3,4,8,10,12.0,10.0,11,0,159.0,155.0,0.16666666666666666,-0.025157232704402517
high_compressibility,1,0.5665024630541872,1.0,3.9655172413793105,3,5,8,10,12.0,10.0,11,0,159.0,155.0,0.16666666666666666,-0.025157232704402517
high_compressibility,1,0.5665024630541872,1.0,3.9655172413793105,3,6,8,10,12.0,10.0,11,0,159.0,155.0,0.16666666666666666,-0.025157232704402517
high_compressibility,1,0.5665024630541872,1.0,3.9655172413793105,3,7,8,10,12.0,10.0,11,0,159.0,155.0,0.16666666666666666,-0.025157232704402517
high_compressibility,1,0.5665024630541872,1.0,3.9655172413793105,3,8,8,10,12.0,10.0,11,0,159.0,155.0,0.16666666666666666,-0.025157232704402517
high_compressibility,1,0.5665024630541872,1.0,3.9655172413793105,3,9,8,10,12.0,10.0,11,0,159.0,155.0,0.16666666666666666,-0.025157232704402517
high_compressibility,1,0.5665024630541872,1.0,3.9655172413793105,3,10,8,10,12.0,10.0,11,0,159.0,155.0,0.16666666666666666,-0.025157232704402517
high_compressibility,1,0.5665024630541872,1.0,3.9655172413793105,3,11,8,10,12.0,10.0,11,0,159.0,155.0,0.16666666666666666,-0.025157232704402517
high_compressibility,1,0.5665024630541872,1.0,3.9655172413793105,3,12,8,10,12.0,10.0,11,0,159.0,155.0,0.16666666666666666,-0.025157232704402517
high_compressibility,1,0.5665024630541872,1.0,3.9655172413793105,3,13,8,10,12.0,10.0,11,0,159.0,155.0,0.16666666666666666,-0.025157232704402517
high_compressibility,1,0.5665024630541872,1.0,3.9655172413793105,3,14,8,10,12.0,10.0,11,0,159.0,155.0,0.16666666666666666,-0.025157232704402517
high_compressibility,1,0.5665024630541872,1.0,3.9655172413793105,3,15,8,10,12.0,10.0,11,0,159.0,155.0,0.16666666666666666,-0.025157232704402517
high_compressibility,1,0.5665024630541872,1.0,3.9655172413793105,4,2,8,10,12.0,10.0,7,0,159.0,155.0,0.16666666666666666,-0.025157232704402517
high_compressibility,3,0.4778325123152709,1.0,3.3448275862068964,3,4,8,10,12.0,10.0,11,0,167.0,163.0,0.16666666666666666,-0.023952095808383235
high_compressibility,3,0.4778325123152709,1.0,3.3448275862068964,3,5,8,10,12.0,10.0,11,0,167.0,163.0,0.16666666666666666,-0.023952095808383235
high_compressibility,3,0.4778325123152709,1.0,3.3448275862068964,3,6,8,10,12.0,10.0,11,0,167.0,163.0,0.16666666666666666,-0.023952095808383235
high_compressibility,3,0.4778325123152709,1.0,3.3448275862068964,3,7,8,10,12.0,10.0,11,0,167.0,163.0,0.16666666666666666,-0.023952095808383235
high_compressibility,3,0.4778325123152709,1.0,3.3448275862068964,3,8,8,10,12.0,10.0,11,0,167.0,163.0,0.16666666666666666,-0.023952095808383235
high_compressibility,3,0.4778325123152709,1.0,3.3448275862068964,3,9,8,10,12.0,10.0,11,0,167.0,163.0,0.16666666666666666,-0.023952095808383235
high_compressibility,3,0.4778325123152709,1.0,3.3448275862068964,3,10,8,10,12.0,10.0,11,0,167.0,163.0,0.16666666666666666,-0.023952095808383235
high_compressibility,3,0.4778325123152709,1.0,3.3448275862068964,3,11,8,10,12.0,10.0,11,0,167.0,163.0,0.16666666666666666,-0.023952095808383235
high_compressibility,3,0.4778325123152709,1.0,3.3448275862068964,3,12,8,10,12.0,10.0,11,0,167.0,163.0,0.16666666666666666,-0.023952095808383235
high_compressibility,3,0.4778325123152709,1.0,3.3448275862068964,3,13,8,10,12.0,10.0,11,0,167.0,163.0,0.16666666666666666,-0.023952095808383235
high_compressibility,3,0.4778325123152709,1.0,3.3448275862068964,3,14,8,10,12.0,10.0,11,0,167.0,163.0,0.16666666666666666,-0.023952095808383235
high_compressibility,3,0.4778325123152709,1.0,3.3448275862068964,3,15,8,10,12.0,10.0,11,0,167.0,163.0,0.16666666666666666,-0.023952095808383235
high_compressibility,5,0.4827586206896552,1.0,3.3793103448275863,3,5,8,10,12.0,10.0,11,0,161.0,154.0,0.16666666666666666,-0.043478260869565216
high_compressibility,5,0.4827586206896552,1.0,3.3793103448275863,3,6,8,10,12.0,10.0,11,0,160.0,154.0,0.16666666666666666,-0.0375
high_compressibility,5,0.4827586206896552,1.0,3.3793103448275863,3,7,8,10,12.0,10.0,11,0,160.0,154.0,0.16666666666666666,-0.0375
high_compressibility,5,0.4827586206896552,1.0,3.3793103448275863,3,8,8,10,12.0,10.0,11,0,160.0,154.0,0.16666666666666666,-0.0375
high_compressibility,5,0.4827586206896552,1.0,3.3793103448275863,3,9,8,10,12.0,10.0,11,0,160.0,154.0,0.16666666666666666,-0.0375
high_compressibility,5,0.4827586206896552,1.0,3.3793103448275863,3,10,8,10,12.0,10.0,11,0,160.0,154.0,0.16666666666666666,-0.0375
high_compressibility,5,0.4827586206896552,1.0,3.3793103448275863,3,11,8,10,12.0,10.0,11,0,160.0,154.0,0.16666666666666666,-0.0375
high_compressibility,5,0.4827586206896552,1.0,3.3793103448275863,3,12,8,10,12.0,10.0,11,0,160.0,154.0,0.16666666666666666,-0.0375
high_compressibility,5,0.4827586206896552,1.0,3.3793103448275863,3,13,8,10,12.0,10.0,11,0,160.0,154.0,0.16666666666666666,-0.0375
high_compressibility,5,0.4827586206896552,1.0,3.3793103448275863,3,14,8,10,12.0,10.0,11,0,160.0,154.0,0.16666666666666666,-0.0375
high_compressibility,5,0.4827586206896552,1.0,3.3793103448275863,3,15,8,10,12.0,10.0,11,0,160.0,154.0,0.16666666666666666,-0.0375
high_compressibility,7,0.4778325123152709,1.0,3.3448275862068964,3,3,8,10,12.0,10.0,11,0,169.0,160.0,0.16666666666666666,-0.05325443786982249
high_compressibility,7,0.4778325123152709,1.0,3.3448275862068964,3,4,8,10,12.0,10.0,11,0,169.0,160.0,0.16666666666666666,-0.05325443786982249
high_compressibility,7,0.4778325123152709,1.0,3.3448275862068964,3,5,8,10,12.0,10.0,11,0,169.0,160.0,0.16666666666666666,-0.05325443786982249
high_compressibility,7,0.4778325123152709,1.0,3.3448275862068964,3,6,8,10,12.0,10.0,11,0,169.0,160.0,0.16666666666666666,-0.05325443786982249
high_compressibility,7,0.4778325123152709,1.0,3.3448275862068964,3,7,8,10,12.0,10.0,11,0,169.0,160.0,0.16666666666666666,-0.05325443786982249
high_compressibility,7,0.4778325123152709,1.0,3.3448275862068964,3,8,8,10,12.0,10.0,11,0,169.0,160.0,0.16666666666666666,-0.05325443786982249
high_compressibility,7,0.4778325123152709,1.0,3.3448275862068964,3,9,8,10,12.0,10.0,11,0,169.0,160.0,0.16666666666666666,-0.05325443786982249
high_compressibility,7,0.4778325123152709,1.0,3.3448275862068964,3,10,8,10,12.0,10.0,11,0,169.0,160.0,0.16666666666666666,-0.05325443786982249
high_compressibility,7,0.4778325123152709,1.0,3.3448275862068964,3,11,8,10,12.0,10.0,11,0,169.0,160.0,0.16666666666666666,-0.05325443786982249
high_compressibility,7,0.4778325123152709,1.0,3.3448275862068964,3,12,8,10,12.0,10.0,11,0,169.0,160.0,0.16666666666666666,-0.05325443786982249
high_compressibility,7,0.4778325123152709,1.0,3.3448275862068964,3,13,8,10,12.0,10.0,11,0,169.0,160.0,0.16666666666666666,-0.05325443786982249
high_compressibility,7,0.4778325123152709,1.0,3.3448275862068964,3,14,8,10,12.0,10.0,11,0,169.0,160.0,0.16666666666666666,-0.05325443786982249
high_compressibility,7,0.4778325123152709,1.0,3.3448275862068964,3,15,8,10,12.0,10.0,11,0,169.0,160.0,0.16666666666666666,-0.05325443786982249
high_compressibility,9,0.36453201970443355,1.0,2.5517241379310347,3,3,8,9,12.0,10.0,12,2,172.0,174.0,0.16666666666666666,0.011627906976744186
high_compressibility,9,0.36453201970443355,1.0,2.5517241379310347,3,4,8,9,12.0,10.0,12,2,172.0,174.0,0.16666666666666666,0.011627906976744186
high_compressibility,9,0.36453201970443355,1.0,2.5517241379310347,3,5,8,9,12.0,10.0,12,2,172.0,174.0,0.16666666666666666,0.011627906976744186
high_compressibility,9,0.36453201970443355,1.0,2.5517241379310347,3,6,8,9,12.0,10.0,12,2,172.0,174.0,0.16666666666666666,0.011627906976744186
high_compressibility,9,0.36453201970443355,1.0,2.5517241379310347,3,7,8,9,12.0,10.0,12,2,172.0,174.0,0.16666666666666666,0.011627906976744186
high_compressibility,9,0.36453201970443355,1.0,2.5517241379310347,3,8,8,9,12.0,10.0,12,2,172.0,174.0,0.16666666666666666,0.011627906976744186
high_compressibility,9,0.36453201970443355,1.0,2.5517241379310347,3,9,8,9,12.0,10.0,12,2,172.0,174.0,0.16666666666666666,0.011627906976744186
high_compressibility,9,0.36453201970443355,1.0,2.5517241379310347,3,10,8,9,12.0,10.0,12,2,172.0,174.0,0.16666666666666666,0.011627906976744186
high_compressibility,9,0.36453201970443355,1.0,2.5517241379310347,3,11,8,9,12.0,10.0,12,2,172.0,174.0,0.16666666666666666,0.011627906976744186
high_compressibility,9,0.36453201970443355,1.0,2.5517241379310347,3,12,8,9,12.0,10.0,12,2,172.0,174.0,0.16666666666666666,0.011627906976744186
high_compressibility,9,0.36453201970443355,1.0,2.5517241379310347,3,13,8,9,12.0,10.0,12,2,172.0,174.0,0.16666666666666666,0.011627906976744186
high_compressibility,9,0.36453201970443355,1.0,2.5517241379310347,3,14,8,9,12.0,10.0,12,2,172.0,174.0,0.16666666666666666,0.011627906976744186
high_compressibility,9,0.36453201970443355,1.0,2.5517241379310347,3,15,8,9,12.0,10.0,12,2,172.0,174.0,0.16666666666666666,0.011627906976744186
high_compressibility,1,0.5665024630541872,1.0,3.9655172413793105,2,4,8,10,17.0,15.0,17,9,224.0,230.0,0.11764705882352941,0.026785714285714284
high_compressibility,1,0.5665024630541872,1.0,3.9655172413793105,2,5,8,10,17.0,15.0,17,9,224.0,230.0,0.11764705882352941,0.026785714285714284
high_compressibility,1,0.5665024630541872,1.0,3.9655172413793105,2,6,8,10,17.0,15.0,17,9,224.0,230.0,0.11764705882352941,0.026785714285714284
high_compressibility,1,0.5665024630541872,1.0,3.9655172413793105,2,7,8,10,17.0,15.0,17,9,224.0,230.0,0.11764705882352941,0.026785714285714284
high_compressibility,1,0.5665024630541872,1.0,3.9655172413793105,2,8,8,10,17.0,15.0,17,9,224.0,230.0,0.11764705882352941,0.026785714285714284
high_compressibility,1,0.5665024630541872,1.0,3.9655172413793105,2,9,8,10,17.0,15.0,17,9,224.0,230.0,0.11764705882352941,0.026785714285714284
high_compressibility,1,0.5665024630541872,1.0,3.9655172413793105,2,10,8,10,17.0,15.0,17,9,224.0,230.0,0.11764705882352941,0.026785714285714284
high_compressibility,1,0.5665024630541872,1.0,3.9655172413793105,2,11,8,10,17.0,15.0,17,9,224.0,230.0,0.11764705882352941,0.026785714285714284
high_compressibility,1,0.5665024630541872,1.0,3.9655172413793105,2,12,8,10,17.0,15.0,17,9,224.0,230.0,0.11764705882352941,0.026785714285714284
high_compressibility,1,0.5665024630541872,1.0,3.9655172413793105,2,13,8,10,17.0,15.0,17,9,224.0,230.0,0.11764705882352941,0.026785714285714284
high_compressibility,1,0.5665024630541872,1.0,3.9655172413793105,2,14,8,10,17.0,15.0,17,9,224.0,230.0,0.11764705882352941,0.026785714285714284
high_compressibility,1,0.5665024630541872,1.0,3.9655172413793105,2,15,8,10,17.0,15.0,17,9,224.0,230.0,0.11764705882352941,0.026785714285714284
high_compressibility,3,0.4778325123152709,1.0,3.3448275862068964,2,4,8,10,17.0,15.0,17,9,235.0,243.0,0.11764705882352941,0.03404255319148936
high_compressibility,3,0.4778325123152709,1.0,3.3448275862068964,2,5,8,10,17.0,15.0,17,9,235.0,243.0,0.11764705882352941,0.03404255319148936
high_compressibility,3,0.4778325123152709,1.0,3.3448275862068964,2,6,8,10,17.0,15.0,17,9,235.0,243.0,0.11764705882352941,0.03404255319148936
high_compressibility,3,0.4778325123152709,1.0,3.3448275862068964,2,7,8,10,17.0,15.0,17,9,235.0,243.0,0.11764705882352941,0.03404255319148936
high_compressibility,3,0.4778325123152709,1.0,3.3448275862068964,2,8,8,10,17.0,15.0,17,9,235.0,243.0,0.11764705882352941,0.03404255319148936
high_compressibility,3,0.4778325123152709,1.0,3.3448275862068964,2,9,8,10,17.0,15.0,17,9,235.0,243.0,0.11764705882352941,0.03404255319148936
high_compressibility,3,0.4778325123152709,1.0,3.3448275862068964,2,10,8,10,17.0,15.0,17,9,235.0,243.0,0.11764705882352941,0.03404255319148936
high_compressibility,3,0.4778325123152709,1.0,3.3448275862068964,2,11,8,10,17.0,15.0,17,9,235.0,243.0,0.11764705882352941,0.03404255319148936
high_compressibility,3,0.4778325123152709,1.0,3.3448275862068964,2,12,8,10,17.0,15.0,17,9,235.0,243.0,0.11764705882352941,0.03404255319148936
high_compressibility,3,0.4778325123152709,1.0,3.3448275862068964,2,13,8,10,17.0,15.0,17,9,235.0,243.0,0.11764705882352941,0.03404255319148936
high_compressibility,3,0.4778325123152709,1.0,3.3448275862068964,2,14,8,10,17.0,15.0,17,9,235.0,243.0,0.11764705882352941,0.03404255319148936
high_compressibility,3,0.4778325123152709,1.0,3.3448275862068964,2,15,8,10,17.0,15.0,17,9,235.0,243.0,0.11764705882352941,0.03404255319148936
high_compressibility,5,0.4827586206896552,1.0,3.3793103448275863,2,5,8,10,17.0,15.0,17,9,230.0,230.0,0.11764705882352941,0.0
high_compressibility,5,0.4827586206896552,1.0,3.3793103448275863,2,6,8,10,17.0,15.0,17,9,231.0,230.0,0.11764705882352941,-0.004329004329004329
high_compressibility,5,0.4827586206896552,1.0,3.3793103448275863,2,7,8,10,17.0,15.0,17,9,231.0,230.0,0.11764705882352941,-0.004329004329004329
high_compressibility,5,0.4827586206896552,1.0,3.3793103448275863,2,8,8,10,17.0,15.0,17,9,231.0,230.0,0.11764705882352941,-0.004329004329004329
high_compressibility,5,0.4827586206896552,1.0,3.3793103448275863,2,9,8,10,17.0,15.0,17,9,231.0,230.0,0.11764705882352941,-0.004329004329004329
high_compressibility,5,0.4827586206896552,1.0,3.3793103448275863,2,10,8,10,17.0,15.0,17,9,231.0,230.0,0.11764705882352941,-0.004329004329004329
high_compressibility,5,0.4827586206896552,1.0,3.3793103448275863,2,11,8,10,17.0,15.0,17,9,231.0,230.0,0.11764705882352941,-0.004329004329004329
high_compressibility,5,0.4827586206896552,1.0,3.3793103448275863,2,12,8,10,17.0,15.0,17,9,231.0,230.0,0.11764705882352941,-0.004329004329004329
high_compressibility,5,0.4827586206896552,1.0,3.3793103448275863,2,13,8,10,17.0,15.0,17,9,231.0,230.0,0.11764705882352941,-0.004329004329004329
high_compressibility,5,0.4827586206896552,1.0,3.3793103448275863,2,14,8,10,17.0,15.0,17,9,231.0,230.0,0.11764705882352941,-0.004329004329004329
high_compressibility,5,0.4827586206896552,1.0,3.3793103448275863,2,15,8,10,17.0,15.0,17,9,231.0,230.0,0.11764705882352941,-0.004329004329004329
high_compressibility,7,0.4778325123152709,1.0,3.3448275862068964,2,4,8,10,17.0,15.0,17,9,238.0,239.0,0.11764705882352941,0.004201680672268907
high_compressibility,7,0.4778325123152709,1.0,3.3448275862068964,2,5,8,10,17.0,15.0,17,9,238.0,239.0,0.11764705882352941,0.004201680672268907
high_compressibility,7,0.4778325123152709,1.0,3.3448275862068964,2,6,8,10,17.0,15.0,17,9,238.0,239.0,0.11764705882352941,0.004201680672268907
high_compressibility,7,0.4778325123152709,1.0,3.3448275862068964,2,7,8,10,17.0,15.0,17,9,238.0,239.0,0.11764705882352941,0.004201680672268907
high_compressibility,7,0.4778325123152709,1.0,3.3448275862068964,2,8,8,10,17.0,15.0,17,9,238.0,239.0,0.11764705882352941,0.004201680672268907
high_compressibility,7,0.4778325123152709,1.0,3.3448275862068964,2,9,8,10,17.0,15.0,17,9,238.0,239.0,0.11764705882352941,0.004201680672268907
high_compressibility,7,0.4778325123152709,1.0,3.3448275862068964,2,10,8,10,17.0,15.0,17,9,238.0,239.0,0.11764705882352941,0.004201680672268907
high_compressibility,7,0.4778325123152709,1.0,3.3448275862068964,2,11,8,10,17.0,15.0,17,9,238.0,239.0,0.11764705882352941,0.004201680672268907
high_compressibility,7,0.4778325123152709,1.0,3.3448275862068964,2,12,8,10,17.0,15.0,17,9,238.0,239.0,0.11764705882352941,0.004201680672268907
high_compressibility,7,0.4778325123152709,1.0,3.3448275862068964,2,13,8,10,17.0,15.0,17,9,238.0,239.0,0.11764705882352941,0.004201680672268907
high_compressibility,7,0.4778325123152709,1.0,3.3448275862068964,2,14,8,10,17.0,15.0,17,9,238.0,239.0,0.11764705882352941,0.004201680672268907
high_compressibility,7,0.4778325123152709,1.0,3.3448275862068964,2,15,8,10,17.0,15.0,17,9,238.0,239.0,0.11764705882352941,0.004201680672268907
high_compressibility,9,0.36453201970443355,1.0,2.5517241379310347,2,4,8,9,17.0,15.0,17,11,242.0,245.0,0.11764705882352941,0.012396694214876033
high_compressibility,9,0.36453201970443355,1.0,2.5517241379310347,2,5,8,9,17.0,15.0,17,11,242.0,245.0,0.11764705882352941,0.012396694214876033
high_compressibility,9,0.36453201970443355,1.0,2.5517241379310347,2,6,8,9,17.0,15.0,17,11,242.0,245.0,0.11764705882352941,0.012396694214876033
high_compressibility,9,0.36453201970443355,1.0,2.5517241379310347,2,7,8,9,17.0,15.0,17,11,242.0,245.0,0.11764705882352941,0.012396694214876033
high_compressibility,9,0.36453201970443355,1.0,2.5517241379310347,2,8,8,9,17.0,15.0,17,11,242.0,245.0,0.11764705882352941,0.012396694214876033
high_compressibility,9,0.36453201970443355,1.0,2.5517241379310347,2,9,8,9,17.0,15.0,17,11,242.0,245.0,0.11764705882352941,0.012396694214876033
high_compressibility,9,0.36453201970443355,1.0,2.5517241379310347,2,10,8,9,17.0,15.0,17,11,242.0,245.0,0.11764705882352941,0.012396694214876033
high_compressibility,9,0.36453201970443355,1.0,2.5517241379310347,2,11,8,9,17.0,15.0,17,11,242.0,245.0,0.11764705882352941,0.012396694214876033
high_compressibility,9,0.36453201970443355,1.0,2.5517241379310347,2,12,8,9,17.0,15.0,17,11,242.0,245.0,0.11764705882352941,0.012396694214876033
high_compressibility,9,0.36453201970443355,1.0,2.5517241379310347,2,13,8,9,17.0,15.0,17,11,242.0,245.0,0.11764705882352941,0.012396694214876033
high_compressibility,9,0.36453201970443355,1.0,2.5517241379310347,2,14,8,9,17.0,15.0,17,11,242.0,245.0,0.11764705882352941,0.012396694214876033
high_compressibility,9,0.36453201970443355,1.0,2.5517241379310347,2,15,8,9,17.0,15.0,17,11,242.0,245.0,0.11764705882352941,0.012396694214876033
medium_compressibility,7,0.15466666666666665,0.84,2.32,2,3,16,17,19.0,17.0,3,0,206.0,199.0,0.10526315789473684,-0.03398058252427184
medium_compressibility,7,0.15466666666666665,0.84,2.32,2,4,16,17,19.0,17.0,3,0,206.0,199.0,0.10526315789473684,-0.03398058252427184
high_compressibility,9,0.36453201970443355,1.0,2.5517241379310347,4,4,8,9,10.0,9.0,7,0,143.0,148.0,0.1,0.03496503496503497
high_compressibility,9,0.36453201970443355,1.0,2.5517241379310347,4,5,8,9,10.0,9.0,7,0,143.0,148.0,0.1,0.03496503496503497
high_compressibility,9,0.36453201970443355,1.0,2.5517241379310347,4,6,8,9,10.0,9.0,7,0,143.0,148.0,0.1,0.03496503496503497
high_compressibility,9,0.36453201970443355,1.0,2.5517241379310347,4,7,8,9,10.0,9.0,7,0,143.0,148.0,0.1,0.03496503496503497
high_compressibility,9,0.36453201970443355,1.0,2.5517241379310347,4,8,8,9,10.0,9.0,7,0,143.0,148.0,0.1,0.03496503496503497
high_compressibility,9,0.36453201970443355,1.0,2.5517241379310347,4,9,8,9,10.0,9.0,7,0,143.0,148.0,0.1,0.03496503496503497
high_compressibility,9,0.36453201970443355,1.0,2.5517241379310347,4,10,8,9,10.0,9.0,7,0,143.0,148.0,0.1,0.03496503496503497
high_compressibility,9,0.36453201970443355,1.0,2.5517241379310347,4,11,8,9,10.0,9.0,7,0,143.0,148.0,0.1,0.03496503496503497
high_compressibility,9,0.36453201970443355,1.0,2.5517241379310347,4,12,8,9,10.0,9.0,7,0,143.0,148.0,0.1,0.03496503496503497
high_compressibility,9,0.36453201970443355,1.0,2.5517241379310347,4,13,8,9,10.0,9.0,7,0,143.0,148.0,0.1,0.03496503496503497
high_compressibility,9,0.36453201970443355,1.0,2.5517241379310347,4,14,8,9,10.0,9.0,7,0,143.0,148.0,0.1,0.03496503496503497
high_compressibility,9,0.36453201970443355,1.0,2.5517241379310347,4,15,8,9,10.0,9.0,7,0,143.0,148.0,0.1,0.03496503496503497
high_compressibility,9,0.36453201970443355,1.0,2.5517241379310347,5,2,8,9,10.0,9.0,3,0,143.0,148.0,0.1,0.03496503496503497
high_compressibility,1,0.5665024630541872,1.0,3.9655172413793105,4,3,8,10,11.0,10.0,7,0,145.0,155.0,0.09090909090909091,0.06896551724137931
high_compressibility,1,0.5665024630541872,1.0,3.9655172413793105,5,1,8,10,11.0,10.0,3,0,145.0,155.0,0.09090909090909091,0.06896551724137931
high_compressibility,3,0.4778325123152709,1.0,3.3448275862068964,4,2,8,10,11.0,10.0,5,0,151.0,163.0,0.09090909090909091,0.07947019867549669
high_compressibility,7,0.4778325123152709,1.0,3.3448275862068964,4,2,8,10,11.0,10.0,6,0,154.0,160.0,0.09090909090909091,0.03896103896103896
high_compressibility,7,0.4778325123152709,1.0,3.3448275862068964,4,3,8,10,11.0,10.0,6,0,154.0,160.0,0.09090909090909091,0.03896103896103896
high_compressibility,7,0.4778325123152709,1.0,3.3448275862068964,5,1,8,10,11.0,10.0,3,0,154.0,160.0,0.09090909090909091,0.03896103896103896
medium_compressibility,7,0.15466666666666665,0.84,2.32,1,4,16,17,27.0,25.0,11,8,295.0,312.0,0.07407407407407407,0.0576271186440678
medium_compressibility,7,0.15466666666666665,0.84,2.32,1,5,16,17,27.0,25.0,11,8,295.0,312.0,0.07407407407407407,0.0576271186440678
medium_compressibility,7,0.15466666666666665,0.84,2.32,1,6,16,17,27.0,25.0,11,8,295.0,312.0,0.07407407407407407,0.0576271186440678
medium_compressibility,7,0.15466666666666665,0.84,2.32,1,7,16,17,27.0,25.0,11,8,295.0,312.0,0.07407407407407407,0.0576271186440678
medium_compressibility,7,0.15466666666666665,0.84,2.32,1,8,16,17,27.0,25.0,11,8,295.0,312.0,0.07407407407407407,0.0576271186440678
medium_compressibility,7,0.15466666666666665,0.84,2.32,1,9,16,17,27.0,25.0,11,8,295.0,312.0,0.07407407407407407,0.0576271186440678
medium_compressibility,7,0.15466666666666665,0.84,2.32,1,10,16,17,27.0,25.0,11,8,295.0,312.0,0.07407407407407407,0.0576271186440678
medium_compressibility,7,0.15466666666666665,0.84,2.32,1,11,16,17,27.0,25.0,11,8,295.0,312.0,0.07407407407407407,0.0576271186440678
medium_compressibility,7,0.15466666666666665,0.84,2.32,1,12,16,17,27.0,25.0,11,8,295.0,312.0,0.07407407407407407,0.0576271186440678
medium_compressibility,7,0.15466666666666665,0.84,2.32,1,13,16,17,27.0,25.0,11,8,295.0,312.0,0.07407407407407407,0.0576271186440678
medium_compressibility,7,0.15466666666666665,0.84,2.32,1,14,16,17,27.0,25.0,11,8,295.0,312.0,0.07407407407407407,0.0576271186440678
medium_compressibility,7,0.15466666666666665,0.84,2.32,1,15,16,17,27.0,25.0,11,8,295.0,312.0,0.07407407407407407,0.0576271186440678
high_compressibility,1,0.5665024630541872,1.0,3.9655172413793105,1,5,8,10,31.0,29.0,23,19,405.0,461.0,0.06451612903225806,0.1382716049382716
high_compressibility,1,0.5665024630541872,1.0,3.9655172413793105,1,6,8,10,31.0,29.0,23,19,405.0,461.0,0.06451612903225806,0.1382716049382716
high_compressibility,1,0.5665024630541872,1.0,3.9655172413793105,1,7,8,10,31.0,29.0,23,19,405.0,461.0,0.06451612903225806,0.1382716049382716
high_compressibility,1,0.5665024630541872,1.0,3.9655172413793105,1,8,8,10,31.0,29.0,23,19,405.0,461.0,0.06451612903225806,0.1382716049382716
high_compressibility,1,0.5665024630541872,1.0,3.9655172413793105,1,9,8,10,31.0,29.0,23,19,405.0,461.0,0.06451612903225806,0.1382716049382716
high_compressibility,1,0.5665024630541872,1.0,3.9655172413793105,1,10,8,10,31.0,29.0,23,19,405.0,461.0,0.06451612903225806,0.1382716049382716
high_compressibility,1,0.5665024630541872,1.0,3.9655172413793105,1,11,8,10,31.0,29.0,23,19,405.0,461.0,0.06451612903225806,0.1382716049382716
high_compressibility,1,0.5665024630541872,1.0,3.9655172413793105,1,12,8,10,31.0,29.0,23,19,405.0,461.0,0.06451612903225806,0.1382716049382716
high_compressibility,1,0.5665024630541872,1.0,3.9655172413793105,1,13,8,10,31.0,29.0,23,19,405.0,461.0,0.06451612903225806,0.1382716049382716
high_compressibility,1,0.5665024630541872,1.0,3.9655172413793105,1,14,8,10,31.0,29.0,23,19,405.0,461.0,0.06451612903225806,0.1382716049382716
high_compressibility,1,0.5665024630541872,1.0,3.9655172413793105,1,15,8,10,31.0,29.0,23,19,405.0,461.0,0.06451612903225806,0.1382716049382716
high_compressibility,3,0.4778325123152709,1.0,3.3448275862068964,1,5,8,10,31.0,29.0,23,19,425.0,484.0,0.06451612903225806,0.1388235294117647
high_compressibility,3,0.4778325123152709,1.0,3.3448275862068964,1,6,8,10,31.0,29.0,23,19,425.0,484.0,0.06451612903225806,0.1388235294117647
high_compressibility,3,0.4778325123152709,1.0,3.3448275862068964,1,7,8,10,31.0,29.0,23,19,425.0,484.0,0.06451612903225806,0.1388235294117647
high_compressibility,3,0.4778325123152709,1.0,3.3448275862068964,1,8,8,10,31.0,29.0,23,19,425.0,484.0,0.06451612903225806,0.1388235294117647
high_compressibility,3,0.4778325123152709,1.0,3.3448275862068964,1,9,8,10,31.0,29.0,23,19,425.0,484.0,0.06451612903225806,0.1388235294117647
high_compressibility,3,0.4778325123152709,1.0,3.3448275862068964,1,10,8,10,31.0,29.0,23,19,425.0,484.0,0.06451612903225806,0.1388235294117647
high_compressibility,3,0.4778325123152709,1.0,3.3448275862068964,1,11,8,10,31.0,29.0,23,19,425.0,484.0,0.06451612903225806,0.1388235294117647
high_compressibility,3,0.4778325123152709,1.0,3.3448275862068964,1,12,8,10,31.0,29.0,23,19,425.0,484.0,0.06451612903225806,0.1388235294117647
high_compressibility,3,0.4778325123152709,1.0,3.3448275862068964,1,13,8,10,31.0,29.0,23,19,425.0,484.0,0.06451612903225806,0.1388235294117647
high_compressibility,3,0.4778325123152709,1.0,3.3448275862068964,1,14,8,10,31.0,29.0,23,19,425.0,484.0,0.06451612903225806,0.1388235294117647
high_compressibility,3,0.4778325123152709,1.0,3.3448275862068964,1,15,8,10,31.0,29.0,23,19,425.0,484.0,0.06451612903225806,0.1388235294117647
high_compressibility,5,0.4827586206896552,1.0,3.3793103448275863,1,6,8,10,31.0,29.0,23,19,425.0,459.0,0.06451612903225806,0.08
high_compressibility,5,0.4827586206896552,1.0,3.3793103448275863,1,7,8,10,31.0,29.0,23,19,425.0,459.0,0.06451612903225806,0.08
high_compressibility,5,0.4827586206896552,1.0,3.3793103448275863,1,8,8,10,31.0,29.0,23,19,425.0,459.0,0.06451612903225806,0.08
high_compressibility,5,0.4827586206896552,1.0,3.3793103448275863,1,9,8,10,31.0,29.0,23,19,425.0,459.0,0.06451612903225806,0.08
high_compressibility,5,0.4827586206896552,1.0,3.3793103448275863,1,10,8,10,31.0,29.0,23,19,425.0,459.0,0.06451612903225806,0.08
high_compressibility,5,0.4827586206896552,1.0,3.3793103448275863,1,11,8,10,31.0,29.0,23,19,425.0,459.0,0.06451612903225806,0.08
high_compressibility,5,0.4827586206896552,1.0,3.3793103448275863,1,12,8,10,31.0,29.0,23,19,425.0,459.0,0.06451612903225806,0.08
high_compressibility,5,0.4827586206896552,1.0,3.3793103448275863,1,13,8,10,31.0,29.0,23,19,425.0,459.0,0.06451612903225806,0.08
high_compressibility,5,0.4827586206896552,1.0,3.3793103448275863,1,14,8,10,31.0,29.0,23,19,425.0,459.0,0.06451612903225806,0.08
high_compressibility,5,0.4827586206896552,1.0,3.3793103448275863,1,15,8,10,31.0,29.0,23,19,425.0,459.0,0.06451612903225806,0.08
high_compressibility,7,0.4778325123152709,1.0,3.3448275862068964,1,5,8,10,31.0,29.0,23,19,428.0,476.0,0.06451612903225806,0.11214953271028037
high_compressibility,7,0.4778325123152709,1.0,3.3448275862068964,1,6,8,10,31.0,29.0,23,19,428.0,476.0,0.06451612903225806,0.11214953271028037
high_compressibility,7,0.4778325123152709,1.0,3.3448275862068964,1,7,8,10,31.0,29.0,23,19,428.0,476.0,0.06451612903225806,0.11214953271028037
high_compressibility,7,0.4778325123152709,1.0,3.3448275862068964,1,8,8,10,31.0,29.0,23,19,428.0,476.0,0.06451612903225806,0.11214953271028037
high_compressibility,7,0.4778325123152709,1.0,3.3448275862068964,1,9,8,10,31.0,29.0,23,19,428.0,476.0,0.06451612903225806,0.11214953271028037
high_compressibility,7,0.4778325123152709,1.0,3.3448275862068964,1,10,8,10,31.0,29.0,23,19,428.0,476.0,0.06451612903225806,0.11214953271028037
high_compressibility,7,0.4778325123152709,1.0,3.3448275862068964,1,11,8,10,31.0,29.0,23,19,428.0,476.0,0.06451612903225806,0.11214953271028037
high_compressibility,7,0.4778325123152709,1.0,3.3448275862068964,1,12,8,10,31.0,29.0,23,19,428.0,476.0,0.06451612903225806,0.11214953271028037
high_compressibility,7,0.4778325123152709,1.0,3.3448275862068964,1,13,8,10,31.0,29.0,23,19,428.0,476.0,0.06451612903225806,0.11214953271028037
high_compressibility,7,0.4778325123152709,1.0,3.3448275862068964,1,14,8,10,31.0,29.0,23,19,428.0,476.0,0.06451612903225806,0.11214953271028037
high_compressibility,7,0.4778325123152709,1.0,3.3448275862068964,1,15,8,10,31.0,29.0,23,19,428.0,476.0,0.06451612903225806,0.11214953271028037
high_compressibility,9,0.36453201970443355,1.0,2.5517241379310347,1,5,8,9,31.0,29.0,23,20,440.0,497.0,0.06451612903225806,0.12954545454545455
high_compressibility,9,0.36453201970443355,1.0,2.5517241379310347,1,6,8,9,31.0,29.0,23,20,440.0,497.0,0.06451612903225806,0.12954545454545455
high_compressibility,9,0.36453201970443355,1.0,2.5517241379310347,1,7,8,9,31.0,29.0,23,20,440.0,497.0,0.06451612903225806,0.12954545454545455
high_compressibility,9,0.36453201970443355,1.0,2.5517241379310347,1,8,8,9,31.0,29.0,23,20,440.0,497.0,0.06451612903225806,0.12954545454545455
high_compressibility,9,0.36453201970443355,1.0,2.5517241379310347,1,9,8,9,31.0,29.0,23,20,440.0,497.0,0.06451612903225806,0.12954545454545455
high_compressibility,9,0.36453201970443355,1.0,2.5517241379310347,1,10,8,9,31.0,29.0,23,20,440.0,497.0,0.06451612903225806,0.12954545454545455
high_compressibility,9,0.36453201970443355,1.0,2.5517241379310347,1,11,8,9,31.0,29.0,23,20,440.0,497.0,0.06451612903225806,0.12954545454545455
high_compressibility,9,0.36453201970443355,1.0,2.5517241379310347,1,12,8,9,31.0,29.0,23,20,440.0,497.0,0.06451612903225806,0.12954545454545455
high_compressibility,9,0.36453201970443355,1.0,2.5517241379310347,1,13,8,9,31.0,29.0,23,20,440.0,497.0,0.06451612903225806,0.12954545454545455
high_compressibility,9,0.36453201970443355,1.0,2.5517241379310347,1,14,8,9,31.0,29.0,23,20,440.0,497.0,0.06451612903225806,0.12954545454545455
high_compressibility,9,0.36453201970443355,1.0,2.5517241379310347,1,15,8,9,31.0,29.0,23,20,440.0,497.0,0.06451612903225806,0.12954545454545455
medium_compressibility,7,0.15466666666666665,0.84,2.32,2,5,16,17,18.0,17.0,3,0,193.0,199.0,0.05555555555555555,0.031088082901554404
medium_compressibility,7,0.15466666666666665,0.84,2.32,2,6,16,17,18.0,17.0,3,0,193.0,199.0,0.05555555555555555,0.031088082901554404
medium_compressibility,7,0.15466666666666665,0.84,2.32,2,7,16,17,18.0,17.0,3,0,193.0,199.0,0.05555555555555555,0.031088082901554404
medium_compressibility,7,0.15466666666666665,0.84,2.32,2,8,16,17,18.0,17.0,3,0,193.0,199.0,0.05555555555555555,0.031088082901554404
medium_compressibility,7,0.15466666666666665,0.84,2.32,2,9,16,17,18.0,17.0,3,0,193.0,199.0,0.05555555555555555,0.031088082901554404
medium_compressibility,7,0.15466666666666665,0.84,2.32,2,10,16,17,18.0,17.0,3,0,193.0,199.0,0.05555555555555555,0.031088082901554404
medium_compressibility,7,0.15466666666666665,0.84,2.32,2,11,16,17,18.0,17.0,3,0,193.0,199.0,0.05555555555555555,0.031088082901554404
medium_compressibility,7,0.15466666666666665,0.84,2.32,2,12,16,17,18.0,17.0,3,0,193.0,199.0,0.05555555555555555,0.031088082901554404
medium_compressibility,7,0.15466666666666665,0.84,2.32,2,13,16,17,18.0,17.0,3,0,193.0,199.0,0.05555555555555555,0.031088082901554404
medium_compressibility,7,0.15466666666666665,0.84,2.32,2,14,16,17,18.0,17.0,3,0,193.0,199.0,0.05555555555555555,0.031088082901554404
medium_compressibility,7,0.15466666666666665,0.84,2.32,2,15,16,17,18.0,17.0,3,0,193.0,199.0,0.05555555555555555,0.031088082901554404
medium_compressibility,7,0.15466666666666665,0.84,2.32,3,2,16,17,18.0,17.0,1,0,195.0,199.0,0.05555555555555555,0.020512820512820513
medium_compressibility,1,0.2125,0.68,3.4,1,2,17,19,26.0,25.0,9,6,272.0,278.0,0.038461538461538464,0.022058823529411766
medium_compressibility,1,0.2125,0.68,3.4,1,3,17,19,26.0,25.0,9,6,272.0,278.0,0.038461538461538464,0.022058823529411766
medium_compressibility,1,0.2125,0.68,3.4,1,4,17,19,26.0,25.0,9,6,272.0,278.0,0.038461538461538464,0.022058823529411766
medium_compressibility,1,0.2125,0.68,3.4,1,5,17,19,26.0,25.0,9,6,272.0,278.0,0.038461538461538464,0.022058823529411766
medium_compressibility,1,0.2125,0.68,3.4,1,6,17,19,26.0,25.0,9,6,272.0,278.0,0.038461538461538464,0.022058823529411766
medium_compressibility,1,0.2125,0.68,3.4,1,7,17,19,26.0,25.0,9,6,272.0,278.0,0.038461538461538464,0.022058823529411766
medium_compressibility,1,0.2125,0.68,3.4,1,8,17,19,26.0,25.0,9,6,272.0,278.0,0.038461538461538464,0.022058823529411766
medium_compressibility,1,0.2125,0.68,3.4,1,9,17,19,26.0,25.0,9,6,272.0,278.0,0.038461538461538464,0.022058823529411766
medium_compressibility,1,0.2125,0.68,3.4,1,10,17,19,26.0,25.0,9,6,272.0,278.0,0.038461538461538464,0.022058823529411766
medium_compressibility,1,0.2125,0.68,3.4,1,11,17,19,26.0,25.0,9,6,272.0,278.0,0.038461538461538464,0.022058823529411766
medium_compressibility,1,0.2125,0.68,3.4,1,12,17,19,26.0,25.0,9,6,272.0,278.0,0.038461538461538464,0.022058823529411766
medium_compressibility,1,0.2125,0.68,3.4,1,13,17,19,26.0,25.0,9,6,272.0,278.0,0.038461538461538464,0.022058823529411766
medium_compressibility,1,0.2125,0.68,3.4,1,14,17,19,26.0,25.0,9,6,272.0,278.0,0.038461538461538464,0.022058823529411766
medium_compressibility,1,0.2125,0.68,3.4,1,15,17,19,26.0,25.0,9,6,272.0,278.0,0.038461538461538464,0.022058823529411766
