workload_family,workload_name,instance_id,size_n,T_count,T_depth,trace_length,peak_T_demand,slack_ratio,mean_t_slack,mean_delta_max,max_delta_max,mean_peak_demand,frac_CB_with_slowdown,frac_CB_with_stall,grid_type,synthesis_precision,variant,evaluated,skip_reason,modulus,multiplier_constant,qaoa_p,graph_type,graph_seed,graph_edges
ripple_adder,Ripple adder,adder_n4,4,56,98,98,2,0.3571428571428571,8.142857142857142,0.0,0.0,2.0,0.0,0.0089285714285714,full,qiskit_transpile_optimization_level_1_seed_42_basis_h_s_sdg_cx_t_tdg,ripple_carry,1,,,,,,,
ripple_adder,Ripple adder,adder_n6,6,84,146,146,2,0.3571428571428571,13.285714285714286,0.0,0.0,2.0,0.0,0.0089285714285714,full,qiskit_transpile_optimization_level_1_seed_42_basis_h_s_sdg_cx_t_tdg,ripple_carry,1,,,,,,,
ripple_adder,Ripple adder,adder_n8,8,112,194,194,2,0.3571428571428571,18.428571428571427,0.0,0.0,2.0,0.0,0.0089285714285714,full,qiskit_transpile_optimization_level_1_seed_42_basis_h_s_sdg_cx_t_tdg,ripple_carry,1,,,,,,,
ripple_adder,Ripple adder,adder_n12,12,168,290,290,2,0.3571428571428571,28.714285714285715,0.0,0.0,2.0,0.0,0.0089285714285714,full,qiskit_transpile_optimization_level_1_seed_42_basis_h_s_sdg_cx_t_tdg,ripple_carry,1,,,,,,,
ripple_adder,Ripple adder,adder_n16,16,224,386,386,2,0.3571428571428571,39.0,0.0,0.0,2.0,0.0,0.0089285714285714,full,qiskit_transpile_optimization_level_1_seed_42_basis_h_s_sdg_cx_t_tdg,ripple_carry,1,,,,,,,
multiplier,Multiplier,multiplier_n4,4,978,1381,1381,4,0.3466257668711656,11.243353783231084,1.0,5.0,4.0,0.0,0.3035714285714285,full,qiskit_transpile_optimization_level_1_seed_42_basis_h_s_sdg_cx_t_tdg,qiskit_multiplier_gate,1,,,,,,,
multiplier,Multiplier,multiplier_n5,5,1549,2181,2181,5,0.3479664299548095,14.408005164622336,1.7142857142857142,7.0,5.0,0.0,0.4464285714285714,full,qiskit_transpile_optimization_level_1_seed_42_basis_h_s_sdg_cx_t_tdg,qiskit_multiplier_gate,1,,,,,,,
multiplier,Multiplier,multiplier_n6,6,2228,3154,3154,6,0.3451526032315978,17.484739676840217,2.5714285714285716,9.0,6.0,0.0,0.4821428571428571,full,qiskit_transpile_optimization_level_1_seed_42_basis_h_s_sdg_cx_t_tdg,qiskit_multiplier_gate,1,,,,,,,
multiplier,Multiplier,multiplier_n7,7,3015,4258,4258,7,0.3475953565505804,20.528358208955225,3.7142857142857144,11.0,7.0,0.0,0.625,full,qiskit_transpile_optimization_level_1_seed_42_basis_h_s_sdg_cx_t_tdg,qiskit_multiplier_gate,1,,,,,,,
multiplier,Multiplier,multiplier_n8,8,3910,5540,5540,8,0.3462915601023018,23.526598465473143,5.0,13.0,8.0,0.0,0.7678571428571429,full,qiskit_transpile_optimization_level_1_seed_42_basis_h_s_sdg_cx_t_tdg,qiskit_multiplier_gate,1,,,,,,,
multiplier,Multiplier,multiplier_n12,12,8750,12385,12385,12,0.3486857142857142,36.37302857142857,12.0,21.0,12.0,0.0,1.0,full,qiskit_transpile_optimization_level_1_seed_42_basis_h_s_sdg_cx_t_tdg,qiskit_multiplier_gate,1,,,,,,,
multiplier,Multiplier,multiplier_n16,16,15316,21703,21703,16,0.3493079132932881,48.18914860276835,20.0,29.0,16.0,0.0,1.0,full,qiskit_transpile_optimization_level_1_seed_42_basis_h_s_sdg_cx_t_tdg,qiskit_multiplier_gate,1,,,,,,,
exact_qft,Exact QFT,qft_n8,8,821077,549736,549736,6,0.6318274656335521,6902.8326198395525,43395.857142857145,303771.0,6.0,0.2053571428571428,0.4642857142857143,full,qiskit_transpile_optimization_level_1_seed_42_basis_h_s_sdg_cx_t_tdg,synth_qft_full,1,,,,,,,
cla_adder,CLA adder,cla_adder_n4,4,98,65,65,8,0.6938775510204082,8.561224489795919,6.428571428571429,36.0,8.0,0.1696428571428571,0.4464285714285714,full,qiskit_transpile_optimization_level_1_seed_42_basis_h_s_sdg_cx_t_tdg,kogge_stone_parallel_prefix,1,,,,,,,
cla_adder,CLA adder,cla_adder_n8,8,294,120,120,16,0.8061224489795918,21.595238095238095,46.142857142857146,177.0,16.0,0.0625,0.9642857142857144,full,qiskit_transpile_optimization_level_1_seed_42_basis_h_s_sdg_cx_t_tdg,kogge_stone_parallel_prefix,1,,,,,,,
cla_adder,CLA adder,cla_adder_n12,12,546,175,175,24,0.8461538461538461,34.514652014652015,126.71428571428572,374.0,24.0,0.0,1.0,full,qiskit_transpile_optimization_level_1_seed_42_basis_h_s_sdg_cx_t_tdg,kogge_stone_parallel_prefix,1,,,,,,,
cla_adder,CLA adder,cla_adder_n16,16,798,215,215,32,0.8696741854636592,48.216791979949875,226.8571428571429,586.0,32.0,0.0,1.0,full,qiskit_transpile_optimization_level_1_seed_42_basis_h_s_sdg_cx_t_tdg,kogge_stone_parallel_prefix,1,,,,,,,
modular_multiplier,Mod. arith. block,modular_multiplier_n4,4,448,812,812,2,0.3571428571428571,8.142857142857142,0.0,0.0,2.0,0.0,0.0089285714285714,full,qiskit_transpile_optimization_level_1_seed_42_basis_h_s_sdg_cx_t_tdg,controlled_add_subtract_modulus_chain,1,,15.0,3.0,,,,
modular_multiplier,Mod. arith. block,modular_multiplier_n6,6,1008,1792,1792,2,0.3571428571428571,13.285714285714286,0.0,0.0,2.0,0.0,0.0089285714285714,full,qiskit_transpile_optimization_level_1_seed_42_basis_h_s_sdg_cx_t_tdg,controlled_add_subtract_modulus_chain,1,,63.0,3.0,,,,
modular_multiplier,Mod. arith. block,modular_multiplier_n8,8,1792,3156,3156,2,0.3571428571428571,18.428571428571427,0.0,0.0,2.0,0.0,0.0089285714285714,full,qiskit_transpile_optimization_level_1_seed_42_basis_h_s_sdg_cx_t_tdg,controlled_add_subtract_modulus_chain,1,,255.0,3.0,,,,
qaoa_maxcut,QAOA,qaoa_maxcut_n6_p1_ring_s0,6,166266,151282,151282,3,0.4140233120421493,23030.15763896407,2996.8,14984.0,3.0,0.16,0.24,reduced,qiskit_transpile_optimization_level_1_seed_42_basis_h_s_sdg_cx_t_tdg,,1,,,,1.0,ring,0.0,6.0
qaoa_maxcut,QAOA,qaoa_maxcut_n6_p1_random_3_regular_s0,6,208272,151282,151282,4,0.2632903126680495,9989.497752938463,11398.0,56990.0,4.0,0.16,0.44,reduced,qiskit_transpile_optimization_level_1_seed_42_basis_h_s_sdg_cx_t_tdg,,1,,,,1.0,random_3_regular,0.0,9.0
qaoa_maxcut,QAOA,qaoa_maxcut_n6_p1_random_3_regular_s1,6,208272,151282,151282,4,0.2632903126680495,9989.497752938463,11398.0,56990.0,4.0,0.16,0.44,reduced,qiskit_transpile_optimization_level_1_seed_42_basis_h_s_sdg_cx_t_tdg,,1,,,,1.0,random_3_regular,1.0,9.0
qaoa_maxcut,QAOA,qaoa_maxcut_n6_p1_random_3_regular_s2,6,208272,227164,227164,3,0.2632903126680495,16649.162921564108,0.0,0.0,3.0,0.16,0.24,reduced,qiskit_transpile_optimization_level_1_seed_42_basis_h_s_sdg_cx_t_tdg,,1,,,,1.0,random_3_regular,2.0,9.0
qaoa_maxcut,QAOA,qaoa_maxcut_n6_p1_erdos_renyi_dense_s0,6,166266,125988,125988,4,0.2491188817918275,12557.851984169944,8055.6,40278.0,4.0,0.16,0.44,reduced,qiskit_transpile_optimization_level_1_seed_42_basis_h_s_sdg_cx_t_tdg,,1,,,,1.0,erdos_renyi_dense,0.0,6.0
qaoa_maxcut,QAOA,qaoa_maxcut_n6_p1_erdos_renyi_dense_s1,6,208272,201870,201870,2,0.3977490973342552,20050.16342091112,1280.4,6402.0,2.0,0.16,0.2,reduced,qiskit_transpile_optimization_level_1_seed_42_basis_h_s_sdg_cx_t_tdg,,1,,,,1.0,erdos_renyi_dense,1.0,9.0
qaoa_maxcut,QAOA,qaoa_maxcut_n6_p1_erdos_renyi_dense_s2,6,166266,151282,151282,2,0.4140233120421493,27245.824305630736,2996.8,14984.0,2.0,0.16,0.2,reduced,qiskit_transpile_optimization_level_1_seed_42_basis_h_s_sdg_cx_t_tdg,,1,,,,1.0,erdos_renyi_dense,2.0,6.0
qaoa_maxcut,QAOA,qaoa_maxcut_n6_p2_ring_s0,6,313590,218104,218104,4,0.4941643547306993,8953.993638189993,19097.4,95487.0,4.0,0.16,0.44,reduced,qiskit_transpile_optimization_level_1_seed_42_basis_h_s_sdg_cx_t_tdg,,1,,,,2.0,ring,0.0,6.0
qaoa_maxcut,QAOA,qaoa_maxcut_n6_p2_random_3_regular_s0,6,391863,240203,240203,4,0.3905752775842577,5482.868221802008,30332.2,151661.0,4.0,0.16,0.44,reduced,qiskit_transpile_optimization_level_1_seed_42_basis_h_s_sdg_cx_t_tdg,,1,,,,2.0,random_3_regular,0.0,9.0
qaoa_maxcut,QAOA,qaoa_maxcut_n6_p2_random_3_regular_s1,6,391863,240203,240203,5,0.3905752775842577,5381.236592890883,30332.2,151661.0,5.0,0.16,0.44,reduced,qiskit_transpile_optimization_level_1_seed_42_basis_h_s_sdg_cx_t_tdg,,1,,,,2.0,random_3_regular,1.0,9.0
qaoa_maxcut,QAOA,qaoa_maxcut_n6_p2_random_3_regular_s2,6,391863,404481,404481,4,0.3330092404743494,22176.39492118419,0.0,0.0,4.0,0.16,0.44,reduced,qiskit_transpile_optimization_level_1_seed_42_basis_h_s_sdg_cx_t_tdg,,1,,,,2.0,random_3_regular,2.0,9.0
qaoa_maxcut,QAOA,qaoa_maxcut_n6_p2_erdos_renyi_dense_s0,6,313590,237008,237008,4,0.4259319493606301,18685.481514078892,15316.6,76583.0,4.0,0.16,0.44,reduced,qiskit_transpile_optimization_level_1_seed_42_basis_h_s_sdg_cx_t_tdg,,1,,,,2.0,erdos_renyi_dense,0.0,6.0
qaoa_maxcut,QAOA,qaoa_maxcut_n6_p2_erdos_renyi_dense_s1,6,391863,357088,357088,3,0.466173126832592,25277.77051163289,8533.8,42669.0,3.0,0.16,0.24,reduced,qiskit_transpile_optimization_level_1_seed_42_basis_h_s_sdg_cx_t_tdg,,1,,,,2.0,erdos_renyi_dense,1.0,9.0
qaoa_maxcut,QAOA,qaoa_maxcut_n6_p2_erdos_renyi_dense_s2,6,313590,284401,284401,3,0.4607799993622246,34480.55016422718,5838.0,29190.0,3.0,0.16,0.24,reduced,qiskit_transpile_optimization_level_1_seed_42_basis_h_s_sdg_cx_t_tdg,,1,,,,2.0,erdos_renyi_dense,2.0,6.0
qaoa_maxcut,QAOA,qaoa_maxcut_n8_p1_ring_s0,8,221688,201870,201870,3,0.4341958067193533,37673.55595250984,3963.6,19818.0,3.0,0.16,0.24,reduced,qiskit_transpile_optimization_level_1_seed_42_basis_h_s_sdg_cx_t_tdg,,1,,,,1.0,ring,0.0,8.0
qaoa_maxcut,QAOA,qaoa_maxcut_n8_p1_random_3_regular_s0,8,277696,227164,227164,3,0.3970456902512099,26329.18347401475,10106.4,50532.0,3.0,0.16,0.24,reduced,qiskit_transpile_optimization_level_1_seed_42_basis_h_s_sdg_cx_t_tdg,,1,,,,1.0,random_3_regular,0.0,12.0
qaoa_maxcut,QAOA,qaoa_maxcut_n8_p1_random_3_regular_s1,8,277696,252458,252458,3,0.4474677345010371,33821.3067887186,6344.2,31721.0,3.0,0.16,0.24,reduced,qiskit_transpile_optimization_level_1_seed_42_basis_h_s_sdg_cx_t_tdg,,1,,,,1.0,random_3_regular,1.0,12.0
qaoa_maxcut,QAOA,qaoa_maxcut_n8_p1_random_3_regular_s2,8,277696,227164,227164,3,0.4978897787508642,35230.121816662824,10106.4,50532.0,3.0,0.16,0.24,reduced,qiskit_transpile_optimization_level_1_seed_42_basis_h_s_sdg_cx_t_tdg,,1,,,,1.0,random_3_regular,2.0,12.0
qaoa_maxcut,QAOA,qaoa_maxcut_n8_p1_erdos_renyi_dense_s0,8,263694,176576,176576,4,0.577426865988608,27783.45816742133,17423.6,87118.0,4.0,0.16,0.44,reduced,qiskit_transpile_optimization_level_1_seed_42_basis_h_s_sdg_cx_t_tdg,,1,,,,1.0,erdos_renyi_dense,0.0,11.0
qaoa_maxcut,QAOA,qaoa_maxcut_n8_p1_erdos_renyi_dense_s1,8,347706,303046,303046,3,0.437910188492577,31043.138967978695,8932.0,44660.0,3.0,0.16,0.24,reduced,qiskit_transpile_optimization_level_1_seed_42_basis_h_s_sdg_cx_t_tdg,,1,,,,1.0,erdos_renyi_dense,1.0,17.0
qaoa_maxcut,QAOA,qaoa_maxcut_n8_p1_erdos_renyi_dense_s2,8,291698,201870,201870,4,0.3779868219871237,26254.086006760415,17965.6,89828.0,4.0,0.16,0.44,reduced,qiskit_transpile_optimization_level_1_seed_42_basis_h_s_sdg_cx_t_tdg,,1,,,,1.0,erdos_renyi_dense,2.0,13.0
qaoa_maxcut,QAOA,qaoa_maxcut_n8_p2_ring_s0,8,418120,268692,268692,4,0.553647278293313,15509.264529321728,29885.8,149429.0,4.0,0.16,0.44,reduced,qiskit_transpile_optimization_level_1_seed_42_basis_h_s_sdg_cx_t_tdg,,1,,,,2.0,ring,0.0,8.0
qaoa_maxcut,QAOA,qaoa_maxcut_n8_p2_random_3_regular_s0,8,522484,325404,325404,5,0.5874763629125486,13107.313339738634,39416.2,197081.0,5.0,0.16,0.44,reduced,qiskit_transpile_optimization_level_1_seed_42_basis_h_s_sdg_cx_t_tdg,,1,,,,2.0,random_3_regular,0.0,12.0
qaoa_maxcut,QAOA,qaoa_maxcut_n8_p2_random_3_regular_s1,8,522484,363478,363478,5,0.5923071328500011,23745.78534079513,32803.4,164017.0,5.0,0.16,0.48,reduced,qiskit_transpile_optimization_level_1_seed_42_basis_h_s_sdg_cx_t_tdg,,1,,,,2.0,random_3_regular,1.0,12.0
qaoa_maxcut,QAOA,qaoa_maxcut_n8_p2_random_3_regular_s2,8,522484,353893,353893,4,0.6032912012616655,23947.814574226195,33718.4,168592.0,4.0,0.16,0.44,reduced,qiskit_transpile_optimization_level_1_seed_42_basis_h_s_sdg_cx_t_tdg,,1,,,,2.0,random_3_regular,2.0,12.0
qaoa_maxcut,QAOA,qaoa_maxcut_n8_p2_erdos_renyi_dense_s0,8,496393,281206,281206,6,0.6632083852914928,21392.37944128946,43037.6,215188.0,6.0,0.28,0.64,reduced,qiskit_transpile_optimization_level_1_seed_42_basis_h_s_sdg_cx_t_tdg,,1,,,,2.0,erdos_renyi_dense,0.0,11.0
qaoa_maxcut,QAOA,qaoa_maxcut_n8_p2_erdos_renyi_dense_s1,8,652939,502462,502462,4,0.5168553264546918,31378.825512030988,30095.6,150478.0,4.0,0.16,0.44,reduced,qiskit_transpile_optimization_level_1_seed_42_basis_h_s_sdg_cx_t_tdg,,1,,,,2.0,erdos_renyi_dense,1.0,17.0
qaoa_maxcut,QAOA,qaoa_maxcut_n8_p2_erdos_renyi_dense_s2,8,548575,357088,357088,4,0.4725005696577496,30106.249969466346,38297.6,191488.0,4.0,0.16,0.44,reduced,qiskit_transpile_optimization_level_1_seed_42_basis_h_s_sdg_cx_t_tdg,,1,,,,2.0,erdos_renyi_dense,2.0,13.0
qaoa_maxcut,QAOA,qaoa_maxcut_n10_p1_ring_s0,10,277110,252458,252458,3,0.4462993035256757,51464.90613113926,4930.4,24652.0,3.0,0.16,0.24,reduced,qiskit_transpile_optimization_level_1_seed_42_basis_h_s_sdg_cx_t_tdg,,1,,,,1.0,ring,0.0,10.0
qaoa_maxcut,QAOA,qaoa_maxcut_n10_p1_random_3_regular_s0,10,347120,176576,176576,5,0.5983118230006914,23125.297453330262,37482.8,170544.0,5.0,0.32,0.48,reduced,qiskit_transpile_optimization_level_1_seed_42_basis_h_s_sdg_cx_t_tdg,,1,,,,1.0,random_3_regular,0.0,15.0
qaoa_maxcut,QAOA,qaoa_maxcut_n10_p1_random_3_regular_s1,10,347120,201870,201870,4,0.2369612814012445,12986.347078820005,29050.0,145250.0,4.0,0.32,0.44,reduced,qiskit_transpile_optimization_level_1_seed_42_basis_h_s_sdg_cx_t_tdg,,1,,,,1.0,random_3_regular,1.0,15.0
qaoa_maxcut,QAOA,qaoa_maxcut_n10_p1_random_3_regular_s2,10,347120,303046,303046,3,0.4772989168011062,42126.6935584236,8814.8,44074.0,3.0,0.16,0.24,reduced,qiskit_transpile_optimization_level_1_seed_42_basis_h_s_sdg_cx_t_tdg,,1,,,,1.0,random_3_regular,2.0,15.0
qaoa_maxcut,QAOA,qaoa_maxcut_n10_p1_erdos_renyi_dense_s0,10,403128,303046,303046,5,0.4457194737155444,40611.46182353992,20829.6,104148.0,5.0,0.32,0.48,reduced,qiskit_transpile_optimization_level_1_seed_42_basis_h_s_sdg_cx_t_tdg,,1,,,,1.0,erdos_renyi_dense,0.0,19.0
qaoa_maxcut,QAOA,qaoa_maxcut_n10_p1_erdos_renyi_dense_s1,10,529146,328340,328340,4,0.4718773268625294,23745.27751887003,40161.2,200806.0,4.0,0.16,0.44,reduced,qiskit_transpile_optimization_level_1_seed_42_basis_h_s_sdg_cx_t_tdg,,1,,,,1.0,erdos_renyi_dense,1.0,28.0
qaoa_maxcut,QAOA,qaoa_maxcut_n10_p1_erdos_renyi_dense_s2,10,403128,277752,277752,4,0.377706336448969,27745.797801194654,25075.2,125376.0,4.0,0.16,0.44,reduced,qiskit_transpile_optimization_level_1_seed_42_basis_h_s_sdg_cx_t_tdg,,1,,,,1.0,erdos_renyi_dense,2.0,19.0
qaoa_maxcut,QAOA,qaoa_maxcut_n10_p2_ring_s0,10,522650,319280,319280,4,0.5893370324308811,22486.25616569406,40674.2,203371.0,4.0,0.16,0.44,reduced,qiskit_transpile_optimization_level_1_seed_42_basis_h_s_sdg_cx_t_tdg,,1,,,,2.0,ring,0.0,10.0
qaoa_maxcut,QAOA,qaoa_maxcut_n10_p2_random_3_regular_s0,10,653105,309695,309695,5,0.676774791189778,31151.416017332587,83845.8,343411.0,5.0,0.32,0.48,reduced,qiskit_transpile_optimization_level_1_seed_42_basis_h_s_sdg_cx_t_tdg,,1,,,,2.0,random_3_regular,0.0,15.0
qaoa_maxcut,QAOA,qaoa_maxcut_n10_p2_random_3_regular_s1,10,653105,379187,379187,6,0.6397547101920824,28062.422337908913,54783.8,273919.0,6.0,0.28,0.64,reduced,qiskit_transpile_optimization_level_1_seed_42_basis_h_s_sdg_cx_t_tdg,,1,,,,2.0,random_3_regular,1.0,15.0
qaoa_maxcut,QAOA,qaoa_maxcut_n10_p2_random_3_regular_s2,10,653105,524561,524561,4,0.538417252968512,53920.23149723245,25709.0,128545.0,4.0,0.16,0.44,reduced,qiskit_transpile_optimization_level_1_seed_42_basis_h_s_sdg_cx_t_tdg,,1,,,,2.0,random_3_regular,2.0,15.0
qaoa_maxcut,QAOA,qaoa_maxcut_n10_p2_erdos_renyi_dense_s0,10,757469,480363,480363,5,0.5784777990914479,38998.654795113725,55932.4,279662.0,5.0,0.32,0.48,reduced,qiskit_transpile_optimization_level_1_seed_42_basis_h_s_sdg_cx_t_tdg,,1,,,,2.0,erdos_renyi_dense,0.0,19.0
qaoa_maxcut,QAOA,qaoa_maxcut_n10_p2_erdos_renyi_dense_s1,10,992288,568759,568759,5,0.5563989486923151,32039.89595661743,84706.0,423530.0,5.0,0.32,0.48,reduced,qiskit_transpile_optimization_level_1_seed_42_basis_h_s_sdg_cx_t_tdg,,1,,,,2.0,erdos_renyi_dense,1.0,28.0
qaoa_maxcut,QAOA,qaoa_maxcut_n10_p2_erdos_renyi_dense_s2,10,757469,521366,521366,5,0.4523327027244679,45366.87264165266,47220.8,236104.0,5.0,0.16,0.48,reduced,qiskit_transpile_optimization_level_1_seed_42_basis_h_s_sdg_cx_t_tdg,,1,,,,2.0,erdos_renyi_dense,2.0,19.0
