workload_scope,workload_name,policy,variant_id,trace_length,total_t,peak_demand,mean_demand,delta_max_det,delta_max_expected_service,C,B,p_acc,trials,feasible,feasible_reason,mean_T_exe_stochastic,std_T_exe_stochastic,mean_slowdown_stochastic,mean_stall_cycles_stochastic,frac_runs_with_stall,frac_runs_hitting_cycle_cap,mean_service
real,adder_n8,smoothed,adder_n8:smoothed,194,112,1,0.5773195876288659,0,0.0,1,0,0.95,100,1,feasible,200.12,2.783091805887835,1.0315463917525773,6.12,1.0,0.0,0.9505296388818677
real,adder_n8,smoothed,adder_n8:smoothed,194,112,1,0.5773195876288659,0,0.0,1,0,0.99,100,1,feasible,195.26,0.986103442849685,1.006494845360825,1.26,0.75,0.0,0.9891680314917946
real,adder_n8,smoothed,adder_n8:smoothed,194,112,1,0.5773195876288659,0,0.0,1,0,0.995,100,1,feasible,194.64,0.8187795796183491,1.003298969072165,0.64,0.47,0.0,0.9949836898534037
real,adder_n8,smoothed,adder_n8:smoothed,194,112,1,0.5773195876288659,0,0.0,1,0,0.999,100,1,feasible,194.13,0.3363034344160051,1.0006701030927834,0.13,0.13,0.0,0.9987665873645255
real,adder_n8,smoothed,adder_n8:smoothed,194,112,1,0.5773195876288659,0,0.0,1,0,1.0,100,1,feasible,194.0,0.0,1.0,0.0,0.0,0.0,1.0
real,adder_n8,smoothed,adder_n8:smoothed,194,112,1,0.5773195876288659,0,0.0,1,8,0.95,100,1,feasible,194.0,0.0,1.0,0.0,0.0,0.0,0.949381443298969
real,adder_n8,smoothed,adder_n8:smoothed,194,112,1,0.5773195876288659,0,0.0,1,8,0.99,100,1,feasible,194.0,0.0,1.0,0.0,0.0,0.0,0.9906185567010308
real,adder_n8,smoothed,adder_n8:smoothed,194,112,1,0.5773195876288659,0,0.0,1,8,0.995,100,1,feasible,194.0,0.0,1.0,0.0,0.0,0.0,0.9952061855670102
real,adder_n8,smoothed,adder_n8:smoothed,194,112,1,0.5773195876288659,0,0.0,1,8,0.999,100,1,feasible,194.0,0.0,1.0,0.0,0.0,0.0,0.9989690721649483
real,adder_n8,smoothed,adder_n8:smoothed,194,112,1,0.5773195876288659,0,0.0,1,8,1.0,100,1,feasible,194.0,0.0,1.0,0.0,0.0,0.0,1.0
real,adder_n8,smoothed,adder_n8:smoothed,194,112,1,0.5773195876288659,0,0.0,3,0,0.95,100,1,feasible,194.02,0.13999999999999999,1.0001030927835053,0.02,0.02,0.0,2.845893735130849
real,adder_n8,smoothed,adder_n8:smoothed,194,112,1,0.5773195876288659,0,0.0,3,0,0.99,100,1,feasible,194.0,0.0,1.0,0.0,0.0,0.0,2.9701546391752576
real,adder_n8,smoothed,adder_n8:smoothed,194,112,1,0.5773195876288659,0,0.0,3,0,0.995,100,1,feasible,194.0,0.0,1.0,0.0,0.0,0.0,2.9848969072164944
real,adder_n8,smoothed,adder_n8:smoothed,194,112,1,0.5773195876288659,0,0.0,3,0,0.999,100,1,feasible,194.0,0.0,1.0,0.0,0.0,0.0,2.9969072164948454
real,adder_n8,smoothed,adder_n8:smoothed,194,112,1,0.5773195876288659,0,0.0,3,0,1.0,100,1,feasible,194.0,0.0,1.0,0.0,0.0,0.0,3.0
real,adder_n8,smoothed,adder_n8:smoothed,194,112,1,0.5773195876288659,0,0.0,3,8,0.95,100,1,feasible,194.0,0.0,1.0,0.0,0.0,0.0,2.847319587628866
real,adder_n8,smoothed,adder_n8:smoothed,194,112,1,0.5773195876288659,0,0.0,3,8,0.99,100,1,feasible,194.0,0.0,1.0,0.0,0.0,0.0,2.9706185567010306
real,adder_n8,smoothed,adder_n8:smoothed,194,112,1,0.5773195876288659,0,0.0,3,8,0.995,100,1,feasible,194.0,0.0,1.0,0.0,0.0,0.0,2.985567010309278
real,adder_n8,smoothed,adder_n8:smoothed,194,112,1,0.5773195876288659,0,0.0,3,8,0.999,100,1,feasible,194.0,0.0,1.0,0.0,0.0,0.0,2.996958762886598
real,adder_n8,smoothed,adder_n8:smoothed,194,112,1,0.5773195876288659,0,0.0,3,8,1.0,100,1,feasible,194.0,0.0,1.0,0.0,0.0,0.0,3.0
real,adder_n8,smoothed,adder_n8:smoothed,194,112,1,0.5773195876288659,0,0.0,6,0,0.95,100,1,feasible,194.0,0.0,1.0,0.0,0.0,0.0,5.7015463917525775
real,adder_n8,smoothed,adder_n8:smoothed,194,112,1,0.5773195876288659,0,0.0,6,0,0.99,100,1,feasible,194.0,0.0,1.0,0.0,0.0,0.0,5.935618556701031
real,adder_n8,smoothed,adder_n8:smoothed,194,112,1,0.5773195876288659,0,0.0,6,0,0.995,100,1,feasible,194.0,0.0,1.0,0.0,0.0,0.0,5.971494845360826
real,adder_n8,smoothed,adder_n8:smoothed,194,112,1,0.5773195876288659,0,0.0,6,0,0.999,100,1,feasible,194.0,0.0,1.0,0.0,0.0,0.0,5.993814432989691
real,adder_n8,smoothed,adder_n8:smoothed,194,112,1,0.5773195876288659,0,0.0,6,0,1.0,100,1,feasible,194.0,0.0,1.0,0.0,0.0,0.0,6.0
real,adder_n8,smoothed,adder_n8:smoothed,194,112,1,0.5773195876288659,0,0.0,6,8,0.95,100,1,feasible,194.0,0.0,1.0,0.0,0.0,0.0,5.698247422680413
real,adder_n8,smoothed,adder_n8:smoothed,194,112,1,0.5773195876288659,0,0.0,6,8,0.99,100,1,feasible,194.0,0.0,1.0,0.0,0.0,0.0,5.937938144329897
real,adder_n8,smoothed,adder_n8:smoothed,194,112,1,0.5773195876288659,0,0.0,6,8,0.995,100,1,feasible,194.0,0.0,1.0,0.0,0.0,0.0,5.972731958762887
real,adder_n8,smoothed,adder_n8:smoothed,194,112,1,0.5773195876288659,0,0.0,6,8,0.999,100,1,feasible,194.0,0.0,1.0,0.0,0.0,0.0,5.994484536082475
real,adder_n8,smoothed,adder_n8:smoothed,194,112,1,0.5773195876288659,0,0.0,6,8,1.0,100,1,feasible,194.0,0.0,1.0,0.0,0.0,0.0,6.0
real,adder_n8,static_min,adder_n8:static_min,194,112,2,0.5773195876288659,0,0.0,1,0,0.95,0,0,peak_demand_exceeds_reachable_stock,inf,inf,inf,inf,1.0,1.0,0.0
real,adder_n8,static_min,adder_n8:static_min,194,112,2,0.5773195876288659,0,0.0,1,0,0.99,0,0,peak_demand_exceeds_reachable_stock,inf,inf,inf,inf,1.0,1.0,0.0
real,adder_n8,static_min,adder_n8:static_min,194,112,2,0.5773195876288659,0,0.0,1,0,0.995,0,0,peak_demand_exceeds_reachable_stock,inf,inf,inf,inf,1.0,1.0,0.0
real,adder_n8,static_min,adder_n8:static_min,194,112,2,0.5773195876288659,0,0.0,1,0,0.999,0,0,peak_demand_exceeds_reachable_stock,inf,inf,inf,inf,1.0,1.0,0.0
real,adder_n8,static_min,adder_n8:static_min,194,112,2,0.5773195876288659,0,0.0,1,0,1.0,0,0,peak_demand_exceeds_reachable_stock,inf,inf,inf,inf,1.0,1.0,0.0
real,adder_n8,static_min,adder_n8:static_min,194,112,2,0.5773195876288659,0,0.0,1,8,0.95,100,1,feasible,194.0,0.0,1.0,0.0,0.0,0.0,0.9492783505154639
real,adder_n8,static_min,adder_n8:static_min,194,112,2,0.5773195876288659,0,0.0,1,8,0.99,100,1,feasible,194.0,0.0,1.0,0.0,0.0,0.0,0.9907731958762886
real,adder_n8,static_min,adder_n8:static_min,194,112,2,0.5773195876288659,0,0.0,1,8,0.995,100,1,feasible,194.0,0.0,1.0,0.0,0.0,0.0,0.9955670103092783
real,adder_n8,static_min,adder_n8:static_min,194,112,2,0.5773195876288659,0,0.0,1,8,0.999,100,1,feasible,194.0,0.0,1.0,0.0,0.0,0.0,0.9989690721649483
real,adder_n8,static_min,adder_n8:static_min,194,112,2,0.5773195876288659,0,0.0,1,8,1.0,100,1,feasible,194.0,0.0,1.0,0.0,0.0,0.0,1.0
real,adder_n8,static_min,adder_n8:static_min,194,112,2,0.5773195876288659,0,0.0,3,0,0.95,100,1,feasible,194.23,0.4659399102888692,1.0011855670103094,0.23,0.21,0.0,2.853270250368189
real,adder_n8,static_min,adder_n8:static_min,194,112,2,0.5773195876288659,0,0.0,3,0,0.99,100,1,feasible,194.02,0.13999999999999999,1.0001030927835053,0.02,0.02,0.0,2.9728902987047308
real,adder_n8,static_min,adder_n8:static_min,194,112,2,0.5773195876288659,0,0.0,3,0,0.995,100,1,feasible,194.0,0.0,1.0,0.0,0.0,0.0,2.9857216494845358
real,adder_n8,static_min,adder_n8:static_min,194,112,2,0.5773195876288659,0,0.0,3,0,0.999,100,1,feasible,194.0,0.0,1.0,0.0,0.0,0.0,2.996958762886598
real,adder_n8,static_min,adder_n8:static_min,194,112,2,0.5773195876288659,0,0.0,3,0,1.0,100,1,feasible,194.0,0.0,1.0,0.0,0.0,0.0,3.0
real,adder_n8,static_min,adder_n8:static_min,194,112,2,0.5773195876288659,0,0.0,3,8,0.95,100,1,feasible,194.0,0.0,1.0,0.0,0.0,0.0,2.8491752577319587
real,adder_n8,static_min,adder_n8:static_min,194,112,2,0.5773195876288659,0,0.0,3,8,0.99,100,1,feasible,194.0,0.0,1.0,0.0,0.0,0.0,2.9686597938144326
real,adder_n8,static_min,adder_n8:static_min,194,112,2,0.5773195876288659,0,0.0,3,8,0.995,100,1,feasible,194.0,0.0,1.0,0.0,0.0,0.0,2.984587628865979
real,adder_n8,static_min,adder_n8:static_min,194,112,2,0.5773195876288659,0,0.0,3,8,0.999,100,1,feasible,194.0,0.0,1.0,0.0,0.0,0.0,2.997474226804124
real,adder_n8,static_min,adder_n8:static_min,194,112,2,0.5773195876288659,0,0.0,3,8,1.0,100,1,feasible,194.0,0.0,1.0,0.0,0.0,0.0,3.0
real,adder_n8,static_min,adder_n8:static_min,194,112,2,0.5773195876288659,0,0.0,6,0,0.95,100,1,feasible,194.0,0.0,1.0,0.0,0.0,0.0,5.707061855670102
real,adder_n8,static_min,adder_n8:static_min,194,112,2,0.5773195876288659,0,0.0,6,0,0.99,100,1,feasible,194.0,0.0,1.0,0.0,0.0,0.0,5.942628865979382
real,adder_n8,static_min,adder_n8:static_min,194,112,2,0.5773195876288659,0,0.0,6,0,0.995,100,1,feasible,194.0,0.0,1.0,0.0,0.0,0.0,5.969639175257734
real,adder_n8,static_min,adder_n8:static_min,194,112,2,0.5773195876288659,0,0.0,6,0,0.999,100,1,feasible,194.0,0.0,1.0,0.0,0.0,0.0,5.9947422680412386
real,adder_n8,static_min,adder_n8:static_min,194,112,2,0.5773195876288659,0,0.0,6,0,1.0,100,1,feasible,194.0,0.0,1.0,0.0,0.0,0.0,6.0
real,adder_n8,static_min,adder_n8:static_min,194,112,2,0.5773195876288659,0,0.0,6,8,0.95,100,1,feasible,194.0,0.0,1.0,0.0,0.0,0.0,5.6922164948453595
real,adder_n8,static_min,adder_n8:static_min,194,112,2,0.5773195876288659,0,0.0,6,8,0.99,100,1,feasible,194.0,0.0,1.0,0.0,0.0,0.0,5.940670103092783
real,adder_n8,static_min,adder_n8:static_min,194,112,2,0.5773195876288659,0,0.0,6,8,0.995,100,1,feasible,194.0,0.0,1.0,0.0,0.0,0.0,5.9695876288659795
real,adder_n8,static_min,adder_n8:static_min,194,112,2,0.5773195876288659,0,0.0,6,8,0.999,100,1,feasible,194.0,0.0,1.0,0.0,0.0,0.0,5.992680412371134
real,adder_n8,static_min,adder_n8:static_min,194,112,2,0.5773195876288659,0,0.0,6,8,1.0,100,1,feasible,194.0,0.0,1.0,0.0,0.0,0.0,6.0
real,multiplier_n8,smoothed,multiplier_n8:smoothed,5540,3910,1,0.7057761732851986,0,1.5,1,0,0.95,100,1,feasible,5745.22,13.130559774815383,1.037043321299639,205.22,1.0,0.0,0.9502922357434216
real,multiplier_n8,smoothed,multiplier_n8:smoothed,5540,3910,1,0.7057761732851986,0,0.0,1,0,0.99,100,1,feasible,5580.06,6.188408519159023,1.007231046931408,40.06,1.0,0.0,0.9898956114251928
real,multiplier_n8,smoothed,multiplier_n8:smoothed,5540,3910,1,0.7057761732851986,0,0.0,1,0,0.995,100,1,feasible,5560.14,4.45874421782636,1.003635379061372,20.14,1.0,0.0,0.9948946303530692
real,multiplier_n8,smoothed,multiplier_n8:smoothed,5540,3910,1,0.7057761732851986,0,0.0,1,0,0.999,100,1,feasible,5544.39,1.9333649422703398,1.0007924187725632,4.39,0.99,0.0,0.9989233480668672
real,multiplier_n8,smoothed,multiplier_n8:smoothed,5540,3910,1,0.7057761732851986,0,0.0,1,0,1.0,100,1,feasible,5540.0,0.0,1.0,0.0,0.0,0.0,1.0
real,multiplier_n8,smoothed,multiplier_n8:smoothed,5540,3910,1,0.7057761732851986,0,1.5,1,8,0.95,100,1,feasible,5541.76,1.7095028517086488,1.000317689530686,1.76,0.71,0.0,0.9503588049366455
real,multiplier_n8,smoothed,multiplier_n8:smoothed,5540,3910,1,0.7057761732851986,0,0.0,1,8,0.99,100,1,feasible,5540.05,0.25980762113533157,1.000009025270758,0.05,0.04,0.0,0.9900325844621976
real,multiplier_n8,smoothed,multiplier_n8:smoothed,5540,3910,1,0.7057761732851986,0,0.0,1,8,0.995,100,1,feasible,5540.05,0.2179449471770336,1.000009025270758,0.05,0.05,0.0,0.9950939172183467
real,multiplier_n8,smoothed,multiplier_n8:smoothed,5540,3910,1,0.7057761732851986,0,0.0,1,8,0.999,100,1,feasible,5540.0,0.0,1.0,0.0,0.0,0.0,0.998962093862816
real,multiplier_n8,smoothed,multiplier_n8:smoothed,5540,3910,1,0.7057761732851986,0,0.0,1,8,1.0,100,1,feasible,5540.0,0.0,1.0,0.0,0.0,0.0,1.0
real,multiplier_n8,smoothed,multiplier_n8:smoothed,5540,3910,1,0.7057761732851986,0,0.0,3,0,0.95,100,1,feasible,5540.51,0.6244197306299664,1.0000920577617327,0.51,0.44,0.0,2.850174428586877
real,multiplier_n8,smoothed,multiplier_n8:smoothed,5540,3910,1,0.7057761732851986,0,0.0,3,0,0.99,100,1,feasible,5540.0,0.0,1.0,0.0,0.0,0.0,2.969698555956679
real,multiplier_n8,smoothed,multiplier_n8:smoothed,5540,3910,1,0.7057761732851986,0,0.0,3,0,0.995,100,1,feasible,5540.0,0.0,1.0,0.0,0.0,0.0,2.9848393501805055
real,multiplier_n8,smoothed,multiplier_n8:smoothed,5540,3910,1,0.7057761732851986,0,0.0,3,0,0.999,100,1,feasible,5540.0,0.0,1.0,0.0,0.0,0.0,2.997
real,multiplier_n8,smoothed,multiplier_n8:smoothed,5540,3910,1,0.7057761732851986,0,0.0,3,0,1.0,100,1,feasible,5540.0,0.0,1.0,0.0,0.0,0.0,3.0
real,multiplier_n8,smoothed,multiplier_n8:smoothed,5540,3910,1,0.7057761732851986,0,0.0,3,8,0.95,100,1,feasible,5540.0,0.0,1.0,0.0,0.0,0.0,2.8502093862815885
real,multiplier_n8,smoothed,multiplier_n8:smoothed,5540,3910,1,0.7057761732851986,0,0.0,3,8,0.99,100,1,feasible,5540.0,0.0,1.0,0.0,0.0,0.0,2.969824909747292
real,multiplier_n8,smoothed,multiplier_n8:smoothed,5540,3910,1,0.7057761732851986,0,0.0,3,8,0.995,100,1,feasible,5540.0,0.0,1.0,0.0,0.0,0.0,2.984870036101083
real,multiplier_n8,smoothed,multiplier_n8:smoothed,5540,3910,1,0.7057761732851986,0,0.0,3,8,0.999,100,1,feasible,5540.0,0.0,1.0,0.0,0.0,0.0,2.997037906137184
real,multiplier_n8,smoothed,multiplier_n8:smoothed,5540,3910,1,0.7057761732851986,0,0.0,3,8,1.0,100,1,feasible,5540.0,0.0,1.0,0.0,0.0,0.0,3.0
real,multiplier_n8,smoothed,multiplier_n8:smoothed,5540,3910,1,0.7057761732851986,0,0.0,6,0,0.95,100,1,feasible,5540.0,0.0,1.0,0.0,0.0,0.0,5.700050541516247
real,multiplier_n8,smoothed,multiplier_n8:smoothed,5540,3910,1,0.7057761732851986,0,0.0,6,0,0.99,100,1,feasible,5540.0,0.0,1.0,0.0,0.0,0.0,5.940610108303249
real,multiplier_n8,smoothed,multiplier_n8:smoothed,5540,3910,1,0.7057761732851986,0,0.0,6,0,0.995,100,1,feasible,5540.0,0.0,1.0,0.0,0.0,0.0,5.9698212996389906
real,multiplier_n8,smoothed,multiplier_n8:smoothed,5540,3910,1,0.7057761732851986,0,0.0,6,0,0.999,100,1,feasible,5540.0,0.0,1.0,0.0,0.0,0.0,5.9941660649819495
real,multiplier_n8,smoothed,multiplier_n8:smoothed,5540,3910,1,0.7057761732851986,0,0.0,6,0,1.0,100,1,feasible,5540.0,0.0,1.0,0.0,0.0,0.0,6.0
real,multiplier_n8,smoothed,multiplier_n8:smoothed,5540,3910,1,0.7057761732851986,0,0.0,6,8,0.95,100,1,feasible,5540.0,0.0,1.0,0.0,0.0,0.0,5.700138989169675
real,multiplier_n8,smoothed,multiplier_n8:smoothed,5540,3910,1,0.7057761732851986,0,0.0,6,8,0.99,100,1,feasible,5540.0,0.0,1.0,0.0,0.0,0.0,5.939687725631769
real,multiplier_n8,smoothed,multiplier_n8:smoothed,5540,3910,1,0.7057761732851986,0,0.0,6,8,0.995,100,1,feasible,5540.0,0.0,1.0,0.0,0.0,0.0,5.970153429602887
real,multiplier_n8,smoothed,multiplier_n8:smoothed,5540,3910,1,0.7057761732851986,0,0.0,6,8,0.999,100,1,feasible,5540.0,0.0,1.0,0.0,0.0,0.0,5.994001805054151
real,multiplier_n8,smoothed,multiplier_n8:smoothed,5540,3910,1,0.7057761732851986,0,0.0,6,8,1.0,100,1,feasible,5540.0,0.0,1.0,0.0,0.0,0.0,6.0
real,multiplier_n8,static_min,multiplier_n8:static_min,5540,3910,8,0.7057761732851986,13,13.15,1,0,0.95,0,0,peak_demand_exceeds_reachable_stock,inf,inf,inf,inf,1.0,1.0,0.0
real,multiplier_n8,static_min,multiplier_n8:static_min,5540,3910,8,0.7057761732851986,13,13.030000000000001,1,0,0.99,0,0,peak_demand_exceeds_reachable_stock,inf,inf,inf,inf,1.0,1.0,0.0
real,multiplier_n8,static_min,multiplier_n8:static_min,5540,3910,8,0.7057761732851986,13,13.015,1,0,0.995,0,0,peak_demand_exceeds_reachable_stock,inf,inf,inf,inf,1.0,1.0,0.0
real,multiplier_n8,static_min,multiplier_n8:static_min,5540,3910,8,0.7057761732851986,13,13.003,1,0,0.999,0,0,peak_demand_exceeds_reachable_stock,inf,inf,inf,inf,1.0,1.0,0.0
real,multiplier_n8,static_min,multiplier_n8:static_min,5540,3910,8,0.7057761732851986,13,13.0,1,0,1.0,0,0,peak_demand_exceeds_reachable_stock,inf,inf,inf,inf,1.0,1.0,0.0
real,multiplier_n8,static_min,multiplier_n8:static_min,5540,3910,8,0.7057761732851986,13,13.15,1,8,0.95,100,1,feasible,5554.02,1.0581115253129034,1.0025306859205776,14.02,1.0,0.0,0.9501730352532557
real,multiplier_n8,static_min,multiplier_n8:static_min,5540,3910,8,0.7057761732851986,13,13.030000000000001,1,8,0.99,100,1,feasible,5553.13,0.33630343441600447,1.002370036101083,13.13,1.0,0.0,0.990066851781708
real,multiplier_n8,static_min,multiplier_n8:static_min,5540,3910,8,0.7057761732851986,13,13.015,1,8,0.995,100,1,feasible,5553.14,0.4004996878900155,1.0023718411552347,13.14,1.0,0.0,0.9948461695627573
real,multiplier_n8,static_min,multiplier_n8:static_min,5540,3910,8,0.7057761732851986,13,13.003,1,8,0.999,100,1,feasible,5553.0,0.0,1.0023465703971117,13.0,1.0,0.0,0.9990455609580409
real,multiplier_n8,static_min,multiplier_n8:static_min,5540,3910,8,0.7057761732851986,13,13.0,1,8,1.0,100,1,feasible,5553.0,0.0,1.0023465703971117,13.0,1.0,0.0,1.0
real,multiplier_n8,static_min,multiplier_n8:static_min,5540,3910,8,0.7057761732851986,7,7.450000000000001,3,0,0.95,0,0,peak_demand_exceeds_reachable_stock,inf,inf,inf,inf,1.0,1.0,0.0
real,multiplier_n8,static_min,multiplier_n8:static_min,5540,3910,8,0.7057761732851986,7,7.09,3,0,0.99,0,0,peak_demand_exceeds_reachable_stock,inf,inf,inf,inf,1.0,1.0,0.0
real,multiplier_n8,static_min,multiplier_n8:static_min,5540,3910,8,0.7057761732851986,7,7.045,3,0,0.995,0,0,peak_demand_exceeds_reachable_stock,inf,inf,inf,inf,1.0,1.0,0.0
real,multiplier_n8,static_min,multiplier_n8:static_min,5540,3910,8,0.7057761732851986,7,7.009,3,0,0.999,0,0,peak_demand_exceeds_reachable_stock,inf,inf,inf,inf,1.0,1.0,0.0
real,multiplier_n8,static_min,multiplier_n8:static_min,5540,3910,8,0.7057761732851986,7,7.0,3,0,1.0,0,0,peak_demand_exceeds_reachable_stock,inf,inf,inf,inf,1.0,1.0,0.0
real,multiplier_n8,static_min,multiplier_n8:static_min,5540,3910,8,0.7057761732851986,7,7.450000000000001,3,8,0.95,100,1,feasible,5543.09,0.28618176042508375,1.000557761732852,3.09,1.0,0.0,2.850321758668096
real,multiplier_n8,static_min,multiplier_n8:static_min,5540,3910,8,0.7057761732851986,7,7.09,3,8,0.99,100,1,feasible,5543.0,0.0,1.0005415162454876,3.0,1.0,0.0,2.9696373804798846
real,multiplier_n8,static_min,multiplier_n8:static_min,5540,3910,8,0.7057761732851986,7,7.045,3,8,0.995,100,1,feasible,5543.0,0.0,1.0005415162454876,3.0,1.0,0.0,2.9847302904564317
real,multiplier_n8,static_min,multiplier_n8:static_min,5540,3910,8,0.7057761732851986,7,7.009,3,8,0.999,100,1,feasible,5543.0,0.0,1.0005415162454876,3.0,1.0,0.0,2.99688796680498
real,multiplier_n8,static_min,multiplier_n8:static_min,5540,3910,8,0.7057761732851986,7,7.0,3,8,1.0,100,1,feasible,5543.0,0.0,1.0005415162454876,3.0,1.0,0.0,3.0
real,multiplier_n8,static_min,multiplier_n8:static_min,5540,3910,8,0.7057761732851986,0,0.0,6,0,0.95,0,0,peak_demand_exceeds_reachable_stock,inf,inf,inf,inf,1.0,1.0,0.0
real,multiplier_n8,static_min,multiplier_n8:static_min,5540,3910,8,0.7057761732851986,0,0.0,6,0,0.99,0,0,peak_demand_exceeds_reachable_stock,inf,inf,inf,inf,1.0,1.0,0.0
real,multiplier_n8,static_min,multiplier_n8:static_min,5540,3910,8,0.7057761732851986,0,0.0,6,0,0.995,0,0,peak_demand_exceeds_reachable_stock,inf,inf,inf,inf,1.0,1.0,0.0
real,multiplier_n8,static_min,multiplier_n8:static_min,5540,3910,8,0.7057761732851986,0,0.0,6,0,0.999,0,0,peak_demand_exceeds_reachable_stock,inf,inf,inf,inf,1.0,1.0,0.0
real,multiplier_n8,static_min,multiplier_n8:static_min,5540,3910,8,0.7057761732851986,0,0.0,6,0,1.0,0,0,peak_demand_exceeds_reachable_stock,inf,inf,inf,inf,1.0,1.0,0.0
real,multiplier_n8,static_min,multiplier_n8:static_min,5540,3910,8,0.7057761732851986,0,0.0,6,8,0.95,100,1,feasible,5540.05,0.2179449471770336,1.0000090252707583,0.05,0.05,0.0,5.701009959233987
real,multiplier_n8,static_min,multiplier_n8:static_min,5540,3910,8,0.7057761732851986,0,0.0,6,8,0.99,100,1,feasible,5540.0,0.0,1.0,0.0,0.0,0.0,5.940079422382671
real,multiplier_n8,static_min,multiplier_n8:static_min,5540,3910,8,0.7057761732851986,0,0.0,6,8,0.995,100,1,feasible,5540.0,0.0,1.0,0.0,0.0,0.0,5.970027075812274
real,multiplier_n8,static_min,multiplier_n8:static_min,5540,3910,8,0.7057761732851986,0,0.0,6,8,0.999,100,1,feasible,5540.0,0.0,1.0,0.0,0.0,0.0,5.993981949458484
real,multiplier_n8,static_min,multiplier_n8:static_min,5540,3910,8,0.7057761732851986,0,0.0,6,8,1.0,100,1,feasible,5540.0,0.0,1.0,0.0,0.0,0.0,6.0
real,qft_n8,static_min,qft_n8:static_min,549736,821077,6,1.4935841931399798,303771,327658.65,1,0,0.95,0,0,peak_demand_exceeds_reachable_stock,inf,inf,inf,inf,1.0,1.0,0.0
real,qft_n8,static_min,qft_n8:static_min,549736,821077,6,1.4935841931399798,303771,308548.53,1,0,0.99,0,0,peak_demand_exceeds_reachable_stock,inf,inf,inf,inf,1.0,1.0,0.0
real,qft_n8,static_min,qft_n8:static_min,549736,821077,6,1.4935841931399798,303771,306159.765,1,0,0.995,0,0,peak_demand_exceeds_reachable_stock,inf,inf,inf,inf,1.0,1.0,0.0
real,qft_n8,static_min,qft_n8:static_min,549736,821077,6,1.4935841931399798,303771,304248.753,1,0,0.999,0,0,peak_demand_exceeds_reachable_stock,inf,inf,inf,inf,1.0,1.0,0.0
real,qft_n8,static_min,qft_n8:static_min,549736,821077,6,1.4935841931399798,303771,303771.0,1,0,1.0,0,0,peak_demand_exceeds_reachable_stock,inf,inf,inf,inf,1.0,1.0,0.0
real,qft_n8,static_min,qft_n8:static_min,549736,821077,6,1.4935841931399798,303771,327658.65,1,8,0.95,20,1,feasible,914566.45,222.70798705928806,1.6636466412969135,364830.45,1.0,0.0,0.9499771191291192
real,qft_n8,static_min,qft_n8:static_min,549736,821077,6,1.4935841931399798,303771,308548.53,1,8,0.99,20,1,feasible,882398.3,80.66356054625905,1.6051310083385477,332662.3,1.0,0.0,0.9900039552390663
real,qft_n8,static_min,qft_n8:static_min,549736,821077,6,1.4935841931399798,303771,306159.765,1,8,0.995,20,1,feasible,878554.85,66.6687895495336,1.5981395615349914,328818.85,1.0,0.0,0.9949984399539314
real,qft_n8,static_min,qft_n8:static_min,549736,821077,6,1.4935841931399798,303771,304248.753,1,8,0.999,20,1,feasible,875519.0,20.954713073673904,1.5926171835208174,325783.0,1.0,0.0,0.9989995082090818
real,qft_n8,static_min,qft_n8:static_min,549736,821077,6,1.4935841931399798,303771,303771.0,1,8,1.0,20,1,feasible,874762.0,0.0,1.5912401589126415,325026.0,1.0,0.0,1.0
real,qft_n8,static_min,qft_n8:static_min,549736,821077,6,1.4935841931399798,0,0.0,3,0,0.95,0,0,peak_demand_exceeds_reachable_stock,inf,inf,inf,inf,1.0,1.0,0.0
real,qft_n8,static_min,qft_n8:static_min,549736,821077,6,1.4935841931399798,0,0.0,3,0,0.99,0,0,peak_demand_exceeds_reachable_stock,inf,inf,inf,inf,1.0,1.0,0.0
real,qft_n8,static_min,qft_n8:static_min,549736,821077,6,1.4935841931399798,0,0.0,3,0,0.995,0,0,peak_demand_exceeds_reachable_stock,inf,inf,inf,inf,1.0,1.0,0.0
real,qft_n8,static_min,qft_n8:static_min,549736,821077,6,1.4935841931399798,0,0.0,3,0,0.999,0,0,peak_demand_exceeds_reachable_stock,inf,inf,inf,inf,1.0,1.0,0.0
real,qft_n8,static_min,qft_n8:static_min,549736,821077,6,1.4935841931399798,0,0.0,3,0,1.0,0,0,peak_demand_exceeds_reachable_stock,inf,inf,inf,inf,1.0,1.0,0.0
real,qft_n8,static_min,qft_n8:static_min,549736,821077,6,1.4935841931399798,0,0.0,3,8,0.95,20,1,feasible,552712.25,18.14352501582865,1.0054139623382858,2976.25,1.0,0.0,2.8500884548789327
real,qft_n8,static_min,qft_n8:static_min,549736,821077,6,1.4935841931399798,0,0.0,3,8,0.99,20,1,feasible,551836.3,7.267048919609664,1.0038205611420754,2100.3,1.0,0.0,2.969928402260924
real,qft_n8,static_min,qft_n8:static_min,549736,821077,6,1.4935841931399798,0,0.0,3,8,0.995,20,1,feasible,551732.2,6.249799996799896,1.0036311975202643,1996.2,1.0,0.0,2.984993536148237
real,qft_n8,static_min,qft_n8:static_min,549736,821077,6,1.4935841931399798,0,0.0,3,8,0.999,20,1,feasible,551648.4,2.222611077089287,1.0034787607142335,1912.4,1.0,0.0,2.9969869395359567
real,qft_n8,static_min,qft_n8:static_min,549736,821077,6,1.4935841931399798,0,0.0,3,8,1.0,20,1,feasible,551628.0,0.0,1.0034416519929568,1892.0,1.0,0.0,3.0
synthetic,high_compressibility_seed7,smoothed,high_compressibility_seed7:smoothed,10,29,3,2.9,19,19.5,1,0,0.95,0,0,peak_demand_exceeds_reachable_stock,inf,inf,inf,inf,1.0,1.0,0.0
synthetic,high_compressibility_seed7,smoothed,high_compressibility_seed7:smoothed,10,29,3,2.9,19,19.1,1,0,0.99,0,0,peak_demand_exceeds_reachable_stock,inf,inf,inf,inf,1.0,1.0,0.0
synthetic,high_compressibility_seed7,smoothed,high_compressibility_seed7:smoothed,10,29,3,2.9,19,19.05,1,0,0.995,0,0,peak_demand_exceeds_reachable_stock,inf,inf,inf,inf,1.0,1.0,0.0
synthetic,high_compressibility_seed7,smoothed,high_compressibility_seed7:smoothed,10,29,3,2.9,19,19.009999999999998,1,0,0.999,0,0,peak_demand_exceeds_reachable_stock,inf,inf,inf,inf,1.0,1.0,0.0
synthetic,high_compressibility_seed7,smoothed,high_compressibility_seed7:smoothed,10,29,3,2.9,19,19.0,1,0,1.0,0,0,peak_demand_exceeds_reachable_stock,inf,inf,inf,inf,1.0,1.0,0.0
synthetic,high_compressibility_seed7,smoothed,high_compressibility_seed7:smoothed,10,29,3,2.9,19,19.5,1,8,0.95,100,1,feasible,30.55,1.4309088021254182,3.0549999999999993,20.55,1.0,0.0,0.9512314211852875
synthetic,high_compressibility_seed7,smoothed,high_compressibility_seed7:smoothed,10,29,3,2.9,19,19.1,1,8,0.99,100,1,feasible,29.39,0.5982474404458409,2.9389999999999987,19.39,1.0,0.0,0.9871270161290323
synthetic,high_compressibility_seed7,smoothed,high_compressibility_seed7:smoothed,10,29,3,2.9,19,19.05,1,8,0.995,100,1,feasible,29.16,0.41761226035642235,2.915999999999999,19.16,1.0,0.0,0.9947096774193548
synthetic,high_compressibility_seed7,smoothed,high_compressibility_seed7:smoothed,10,29,3,2.9,19,19.009999999999998,1,8,0.999,100,1,feasible,29.05,0.21794494717703386,2.9049999999999985,19.05,1.0,0.0,0.9983333333333334
synthetic,high_compressibility_seed7,smoothed,high_compressibility_seed7:smoothed,10,29,3,2.9,19,19.0,1,8,1.0,100,1,feasible,29.0,0.0,2.899999999999998,19.0,1.0,0.0,1.0
synthetic,high_compressibility_seed7,smoothed,high_compressibility_seed7:smoothed,10,29,3,2.9,0,1.3500000000000014,3,0,0.95,100,1,feasible,11.66,1.3207573584879237,1.1659999999999997,1.66,0.85,0.0,2.853343058901883
synthetic,high_compressibility_seed7,smoothed,high_compressibility_seed7:smoothed,10,29,3,2.9,0,0.2700000000000031,3,0,0.99,100,1,feasible,10.26,0.48207883172775784,1.026,0.26,0.24,0.0,2.9756666666666667
synthetic,high_compressibility_seed7,smoothed,high_compressibility_seed7:smoothed,10,29,3,2.9,0,0.13500000000000156,3,0,0.995,100,1,feasible,10.11,0.31288975694324056,1.011,0.11,0.11,0.0,2.99
synthetic,high_compressibility_seed7,smoothed,high_compressibility_seed7:smoothed,10,29,3,2.9,0,0.027000000000001023,3,0,0.999,100,1,feasible,10.03,0.17058722109232,1.0030000000000001,0.03,0.03,0.0,2.9972727272727275
synthetic,high_compressibility_seed7,smoothed,high_compressibility_seed7:smoothed,10,29,3,2.9,0,0.0,3,0,1.0,100,1,feasible,10.0,0.0,1.0,0.0,0.0,0.0,3.0
synthetic,high_compressibility_seed7,smoothed,high_compressibility_seed7:smoothed,10,29,3,2.9,0,1.3500000000000014,3,8,0.95,100,1,feasible,10.92,0.46216880033165325,1.0919999999999996,0.92,0.85,0.0,2.8268787878787878
synthetic,high_compressibility_seed7,smoothed,high_compressibility_seed7:smoothed,10,29,3,2.9,0,0.2700000000000031,3,8,0.99,100,1,feasible,10.17,0.3756327994198591,1.0170000000000001,0.17,0.17,0.0,2.979818181818182
synthetic,high_compressibility_seed7,smoothed,high_compressibility_seed7:smoothed,10,29,3,2.9,0,0.13500000000000156,3,8,0.995,100,1,feasible,10.1,0.2999999999999998,1.01,0.1,0.1,0.0,2.989909090909091
synthetic,high_compressibility_seed7,smoothed,high_compressibility_seed7:smoothed,10,29,3,2.9,0,0.027000000000001023,3,8,0.999,100,1,feasible,10.01,0.09949874371066197,1.001,0.01,0.01,0.0,2.9990909090909086
synthetic,high_compressibility_seed7,smoothed,high_compressibility_seed7:smoothed,10,29,3,2.9,0,0.0,3,8,1.0,100,1,feasible,10.0,0.0,1.0,0.0,0.0,0.0,3.0
synthetic,high_compressibility_seed7,smoothed,high_compressibility_seed7:smoothed,10,29,3,2.9,0,0.0,6,0,0.95,100,1,feasible,10.0,0.0,1.0,0.0,0.0,0.0,5.702000000000001
synthetic,high_compressibility_seed7,smoothed,high_compressibility_seed7:smoothed,10,29,3,2.9,0,0.0,6,0,0.99,100,1,feasible,10.0,0.0,1.0,0.0,0.0,0.0,5.933
synthetic,high_compressibility_seed7,smoothed,high_compressibility_seed7:smoothed,10,29,3,2.9,0,0.0,6,0,0.995,100,1,feasible,10.0,0.0,1.0,0.0,0.0,0.0,5.973
synthetic,high_compressibility_seed7,smoothed,high_compressibility_seed7:smoothed,10,29,3,2.9,0,0.0,6,0,0.999,100,1,feasible,10.0,0.0,1.0,0.0,0.0,0.0,5.994
synthetic,high_compressibility_seed7,smoothed,high_compressibility_seed7:smoothed,10,29,3,2.9,0,0.0,6,0,1.0,100,1,feasible,10.0,0.0,1.0,0.0,0.0,0.0,6.0
synthetic,high_compressibility_seed7,smoothed,high_compressibility_seed7:smoothed,10,29,3,2.9,0,0.0,6,8,0.95,100,1,feasible,10.0,0.0,1.0,0.0,0.0,0.0,5.69
synthetic,high_compressibility_seed7,smoothed,high_compressibility_seed7:smoothed,10,29,3,2.9,0,0.0,6,8,0.99,100,1,feasible,10.0,0.0,1.0,0.0,0.0,0.0,5.949999999999999
synthetic,high_compressibility_seed7,smoothed,high_compressibility_seed7:smoothed,10,29,3,2.9,0,0.0,6,8,0.995,100,1,feasible,10.0,0.0,1.0,0.0,0.0,0.0,5.970999999999999
synthetic,high_compressibility_seed7,smoothed,high_compressibility_seed7:smoothed,10,29,3,2.9,0,0.0,6,8,0.999,100,1,feasible,10.0,0.0,1.0,0.0,0.0,0.0,5.996
synthetic,high_compressibility_seed7,smoothed,high_compressibility_seed7:smoothed,10,29,3,2.9,0,0.0,6,8,1.0,100,1,feasible,10.0,0.0,1.0,0.0,0.0,0.0,6.0
synthetic,high_compressibility_seed7,static_min,high_compressibility_seed7:static_min,8,29,6,3.625,23,23.3,1,0,0.95,0,0,peak_demand_exceeds_reachable_stock,inf,inf,inf,inf,1.0,1.0,0.0
synthetic,high_compressibility_seed7,static_min,high_compressibility_seed7:static_min,8,29,6,3.625,23,23.060000000000002,1,0,0.99,0,0,peak_demand_exceeds_reachable_stock,inf,inf,inf,inf,1.0,1.0,0.0
synthetic,high_compressibility_seed7,static_min,high_compressibility_seed7:static_min,8,29,6,3.625,23,23.03,1,0,0.995,0,0,peak_demand_exceeds_reachable_stock,inf,inf,inf,inf,1.0,1.0,0.0
synthetic,high_compressibility_seed7,static_min,high_compressibility_seed7:static_min,8,29,6,3.625,23,23.006,1,0,0.999,0,0,peak_demand_exceeds_reachable_stock,inf,inf,inf,inf,1.0,1.0,0.0
synthetic,high_compressibility_seed7,static_min,high_compressibility_seed7:static_min,8,29,6,3.625,23,23.0,1,0,1.0,0,0,peak_demand_exceeds_reachable_stock,inf,inf,inf,inf,1.0,1.0,0.0
synthetic,high_compressibility_seed7,static_min,high_compressibility_seed7:static_min,8,29,6,3.625,23,23.3,1,8,0.95,100,1,feasible,32.71,1.358639024906911,4.08875,24.71,1.0,0.0,0.9471605048177629
synthetic,high_compressibility_seed7,static_min,high_compressibility_seed7:static_min,8,29,6,3.625,23,23.060000000000002,1,8,0.99,100,1,feasible,31.32,0.5635601121442143,3.915,23.32,1.0,0.0,0.9888144550342131
synthetic,high_compressibility_seed7,static_min,high_compressibility_seed7:static_min,8,29,6,3.625,23,23.03,1,8,0.995,100,1,feasible,31.14,0.3469870314579496,3.8925,23.14,1.0,0.0,0.995625
synthetic,high_compressibility_seed7,static_min,high_compressibility_seed7:static_min,8,29,6,3.625,23,23.006,1,8,0.999,100,1,feasible,31.05,0.2179449471770337,3.88125,23.05,1.0,0.0,0.9984375
synthetic,high_compressibility_seed7,static_min,high_compressibility_seed7:static_min,8,29,6,3.625,23,23.0,1,8,1.0,100,1,feasible,31.0,0.0,3.875,23.0,1.0,0.0,1.0
synthetic,high_compressibility_seed7,static_min,high_compressibility_seed7:static_min,8,29,6,3.625,11,11.900000000000002,3,0,0.95,0,0,peak_demand_exceeds_reachable_stock,inf,inf,inf,inf,1.0,1.0,0.0
synthetic,high_compressibility_seed7,static_min,high_compressibility_seed7:static_min,8,29,6,3.625,11,11.18,3,0,0.99,0,0,peak_demand_exceeds_reachable_stock,inf,inf,inf,inf,1.0,1.0,0.0
synthetic,high_compressibility_seed7,static_min,high_compressibility_seed7:static_min,8,29,6,3.625,11,11.09,3,0,0.995,0,0,peak_demand_exceeds_reachable_stock,inf,inf,inf,inf,1.0,1.0,0.0
synthetic,high_compressibility_seed7,static_min,high_compressibility_seed7:static_min,8,29,6,3.625,11,11.018,3,0,0.999,0,0,peak_demand_exceeds_reachable_stock,inf,inf,inf,inf,1.0,1.0,0.0
synthetic,high_compressibility_seed7,static_min,high_compressibility_seed7:static_min,8,29,6,3.625,11,11.0,3,0,1.0,0,0,peak_demand_exceeds_reachable_stock,inf,inf,inf,inf,1.0,1.0,0.0
synthetic,high_compressibility_seed7,static_min,high_compressibility_seed7:static_min,8,29,6,3.625,11,11.900000000000002,3,8,0.95,100,1,feasible,12.46,0.5180733538795447,1.5575,4.46,1.0,0.0,2.858479853479854
synthetic,high_compressibility_seed7,static_min,high_compressibility_seed7:static_min,8,29,6,3.625,11,11.18,3,8,0.99,100,1,feasible,12.04,0.19595917942265412,1.505,4.04,1.0,0.0,2.9698076923076924
synthetic,high_compressibility_seed7,static_min,high_compressibility_seed7:static_min,8,29,6,3.625,11,11.09,3,8,0.995,100,1,feasible,12.0,0.0,1.5,4.0,1.0,0.0,2.99
synthetic,high_compressibility_seed7,static_min,high_compressibility_seed7:static_min,8,29,6,3.625,11,11.018,3,8,0.999,100,1,feasible,12.0,0.0,1.5,4.0,1.0,0.0,2.996666666666666
synthetic,high_compressibility_seed7,static_min,high_compressibility_seed7:static_min,8,29,6,3.625,11,11.0,3,8,1.0,100,1,feasible,12.0,0.0,1.5,4.0,1.0,0.0,3.0
synthetic,high_compressibility_seed7,static_min,high_compressibility_seed7:static_min,8,29,6,3.625,0,0.9000000000000021,6,0,0.95,100,1,feasible,9.17,1.1229870880824937,1.14625,1.17,0.64,0.0,5.697248251748253
synthetic,high_compressibility_seed7,static_min,high_compressibility_seed7:static_min,8,29,6,3.625,0,0.17999999999999972,6,0,0.99,100,1,feasible,8.15,0.3570714214271427,1.01875,0.15,0.15,0.0,5.936388888888889
synthetic,high_compressibility_seed7,static_min,high_compressibility_seed7:static_min,8,29,6,3.625,0,0.08999999999999986,6,0,0.995,100,1,feasible,8.09,0.2861817604250837,1.01125,0.09,0.09,0.0,5.973888888888889
synthetic,high_compressibility_seed7,static_min,high_compressibility_seed7:static_min,8,29,6,3.625,0,0.018000000000000682,6,0,0.999,100,1,feasible,8.03,0.1705872210923201,1.00375,0.03,0.03,0.0,5.9941666666666675
synthetic,high_compressibility_seed7,static_min,high_compressibility_seed7:static_min,8,29,6,3.625,0,0.0,6,0,1.0,100,1,feasible,8.0,0.0,1.0,0.0,0.0,0.0,6.0
synthetic,high_compressibility_seed7,static_min,high_compressibility_seed7:static_min,8,29,6,3.625,0,0.9000000000000021,6,8,0.95,100,1,feasible,8.61,0.48774993593028826,1.07625,0.61,0.61,0.0,5.714722222222222
synthetic,high_compressibility_seed7,static_min,high_compressibility_seed7:static_min,8,29,6,3.625,0,0.17999999999999972,6,8,0.99,100,1,feasible,8.17,0.37563279941985916,1.02125,0.17,0.17,0.0,5.948055555555555
synthetic,high_compressibility_seed7,static_min,high_compressibility_seed7:static_min,8,29,6,3.625,0,0.08999999999999986,6,8,0.995,100,1,feasible,8.05,0.21794494717703392,1.00625,0.05,0.05,0.0,5.974722222222222
synthetic,high_compressibility_seed7,static_min,high_compressibility_seed7:static_min,8,29,6,3.625,0,0.018000000000000682,6,8,0.999,100,1,feasible,8.01,0.09949874371066199,1.00125,0.01,0.01,0.0,5.996388888888889
synthetic,high_compressibility_seed7,static_min,high_compressibility_seed7:static_min,8,29,6,3.625,0,0.0,6,8,1.0,100,1,feasible,8.0,0.0,1.0,0.0,0.0,0.0,6.0
synthetic,low_compressibility_seed7,smoothed,low_compressibility_seed7:smoothed,42,19,1,0.4523809523809524,0,0.9499999999999993,1,0,0.95,100,1,feasible,42.96,1.0480458005259123,1.022857142857143,0.96,0.58,0.0,0.9521370603332183
synthetic,low_compressibility_seed7,smoothed,low_compressibility_seed7:smoothed,42,19,1,0.4523809523809524,0,0.19000000000000128,1,0,0.99,100,1,feasible,42.25,0.5545268253204708,1.005952380952381,0.25,0.2,0.0,0.9894979361723548
synthetic,low_compressibility_seed7,smoothed,low_compressibility_seed7:smoothed,42,19,1,0.4523809523809524,0,0.09499999999999886,1,0,0.995,100,1,feasible,42.06,0.23748684174075843,1.0014285714285713,0.06,0.06,0.0,0.9962236987818384
synthetic,low_compressibility_seed7,smoothed,low_compressibility_seed7:smoothed,42,19,1,0.4523809523809524,0,0.01899999999999835,1,0,0.999,100,1,feasible,42.01,0.09949874371066213,1.0002380952380951,0.01,0.01,0.0,0.9995293466223698
synthetic,low_compressibility_seed7,smoothed,low_compressibility_seed7:smoothed,42,19,1,0.4523809523809524,0,0.0,1,0,1.0,100,1,feasible,42.0,0.0,1.0,0.0,0.0,0.0,1.0
synthetic,low_compressibility_seed7,smoothed,low_compressibility_seed7:smoothed,42,19,1,0.4523809523809524,0,0.9499999999999993,1,8,0.95,100,1,feasible,42.93,1.0700934538627935,1.022142857142857,0.93,0.56,0.0,0.956545196293427
synthetic,low_compressibility_seed7,smoothed,low_compressibility_seed7:smoothed,42,19,1,0.4523809523809524,0,0.19000000000000128,1,8,0.99,100,1,feasible,42.23,0.4439594576084624,1.0054761904761904,0.23,0.22,0.0,0.9908798952985001
synthetic,low_compressibility_seed7,smoothed,low_compressibility_seed7:smoothed,42,19,1,0.4523809523809524,0,0.09499999999999886,1,8,0.995,100,1,feasible,42.06,0.23748684174075865,1.0014285714285713,0.06,0.06,0.0,0.995747508305648
synthetic,low_compressibility_seed7,smoothed,low_compressibility_seed7:smoothed,42,19,1,0.4523809523809524,0,0.01899999999999835,1,8,0.999,100,1,feasible,42.03,0.17058722109231994,1.000714285714286,0.03,0.03,0.0,0.9988261351052049
synthetic,low_compressibility_seed7,smoothed,low_compressibility_seed7:smoothed,42,19,1,0.4523809523809524,0,0.0,1,8,1.0,100,1,feasible,42.0,0.0,1.0,0.0,0.0,0.0,1.0
synthetic,low_compressibility_seed7,smoothed,low_compressibility_seed7:smoothed,42,19,1,0.4523809523809524,0,0.0,3,0,0.95,100,1,feasible,42.0,0.0,1.0,0.0,0.0,0.0,2.8554761904761903
synthetic,low_compressibility_seed7,smoothed,low_compressibility_seed7:smoothed,42,19,1,0.4523809523809524,0,0.0,3,0,0.99,100,1,feasible,42.0,0.0,1.0,0.0,0.0,0.0,2.968809523809524
synthetic,low_compressibility_seed7,smoothed,low_compressibility_seed7:smoothed,42,19,1,0.4523809523809524,0,0.0,3,0,0.995,100,1,feasible,42.0,0.0,1.0,0.0,0.0,0.0,2.988571428571429
synthetic,low_compressibility_seed7,smoothed,low_compressibility_seed7:smoothed,42,19,1,0.4523809523809524,0,0.0,3,0,0.999,100,1,feasible,42.0,0.0,1.0,0.0,0.0,0.0,2.9980952380952384
synthetic,low_compressibility_seed7,smoothed,low_compressibility_seed7:smoothed,42,19,1,0.4523809523809524,0,0.0,3,0,1.0,100,1,feasible,42.0,0.0,1.0,0.0,0.0,0.0,3.0
synthetic,low_compressibility_seed7,smoothed,low_compressibility_seed7:smoothed,42,19,1,0.4523809523809524,0,0.0,3,8,0.95,100,1,feasible,42.0,0.0,1.0,0.0,0.0,0.0,2.8526190476190476
synthetic,low_compressibility_seed7,smoothed,low_compressibility_seed7:smoothed,42,19,1,0.4523809523809524,0,0.0,3,8,0.99,100,1,feasible,42.0,0.0,1.0,0.0,0.0,0.0,2.972619047619048
synthetic,low_compressibility_seed7,smoothed,low_compressibility_seed7:smoothed,42,19,1,0.4523809523809524,0,0.0,3,8,0.995,100,1,feasible,42.0,0.0,1.0,0.0,0.0,0.0,2.983333333333333
synthetic,low_compressibility_seed7,smoothed,low_compressibility_seed7:smoothed,42,19,1,0.4523809523809524,0,0.0,3,8,0.999,100,1,feasible,42.0,0.0,1.0,0.0,0.0,0.0,2.9973809523809525
synthetic,low_compressibility_seed7,smoothed,low_compressibility_seed7:smoothed,42,19,1,0.4523809523809524,0,0.0,3,8,1.0,100,1,feasible,42.0,0.0,1.0,0.0,0.0,0.0,3.0
synthetic,low_compressibility_seed7,smoothed,low_compressibility_seed7:smoothed,42,19,1,0.4523809523809524,0,0.0,6,0,0.95,100,1,feasible,42.0,0.0,1.0,0.0,0.0,0.0,5.6969047619047615
synthetic,low_compressibility_seed7,smoothed,low_compressibility_seed7:smoothed,42,19,1,0.4523809523809524,0,0.0,6,0,0.99,100,1,feasible,42.0,0.0,1.0,0.0,0.0,0.0,5.939523809523809
synthetic,low_compressibility_seed7,smoothed,low_compressibility_seed7:smoothed,42,19,1,0.4523809523809524,0,0.0,6,0,0.995,100,1,feasible,42.0,0.0,1.0,0.0,0.0,0.0,5.963333333333335
synthetic,low_compressibility_seed7,smoothed,low_compressibility_seed7:smoothed,42,19,1,0.4523809523809524,0,0.0,6,0,0.999,100,1,feasible,42.0,0.0,1.0,0.0,0.0,0.0,5.993333333333334
synthetic,low_compressibility_seed7,smoothed,low_compressibility_seed7:smoothed,42,19,1,0.4523809523809524,0,0.0,6,0,1.0,100,1,feasible,42.0,0.0,1.0,0.0,0.0,0.0,6.0
synthetic,low_compressibility_seed7,smoothed,low_compressibility_seed7:smoothed,42,19,1,0.4523809523809524,0,0.0,6,8,0.95,100,1,feasible,42.0,0.0,1.0,0.0,0.0,0.0,5.6919047619047625
synthetic,low_compressibility_seed7,smoothed,low_compressibility_seed7:smoothed,42,19,1,0.4523809523809524,0,0.0,6,8,0.99,100,1,feasible,42.0,0.0,1.0,0.0,0.0,0.0,5.941428571428572
synthetic,low_compressibility_seed7,smoothed,low_compressibility_seed7:smoothed,42,19,1,0.4523809523809524,0,0.0,6,8,0.995,100,1,feasible,42.0,0.0,1.0,0.0,0.0,0.0,5.9659523809523805
synthetic,low_compressibility_seed7,smoothed,low_compressibility_seed7:smoothed,42,19,1,0.4523809523809524,0,0.0,6,8,0.999,100,1,feasible,42.0,0.0,1.0,0.0,0.0,0.0,5.994047619047618
synthetic,low_compressibility_seed7,smoothed,low_compressibility_seed7:smoothed,42,19,1,0.4523809523809524,0,0.0,6,8,1.0,100,1,feasible,42.0,0.0,1.0,0.0,0.0,0.0,6.0
synthetic,low_compressibility_seed7,static_min,low_compressibility_seed7:static_min,42,19,1,0.4523809523809524,0,0.9499999999999993,1,0,0.95,100,1,feasible,43.1,1.0908712114635724,1.026190476190476,1.1,0.67,0.0,0.9486377032198058
synthetic,low_compressibility_seed7,static_min,low_compressibility_seed7:static_min,42,19,1,0.4523809523809524,0,0.19000000000000128,1,0,0.99,100,1,feasible,42.16,0.39293765408777004,1.0038095238095237,0.16,0.15,0.0,0.992003926306252
synthetic,low_compressibility_seed7,static_min,low_compressibility_seed7:static_min,42,19,1,0.4523809523809524,0,0.09499999999999886,1,0,0.995,100,1,feasible,42.07,0.2551470164434616,1.0016666666666667,0.07,0.07,0.0,0.9943355481727576
synthetic,low_compressibility_seed7,static_min,low_compressibility_seed7:static_min,42,19,1,0.4523809523809524,0,0.01899999999999835,1,0,0.999,100,1,feasible,42.03,0.17058722109231994,1.000714285714286,0.03,0.03,0.0,0.9990642303433
synthetic,low_compressibility_seed7,static_min,low_compressibility_seed7:static_min,42,19,1,0.4523809523809524,0,0.0,1,0,1.0,100,1,feasible,42.0,0.0,1.0,0.0,0.0,0.0,1.0
synthetic,low_compressibility_seed7,static_min,low_compressibility_seed7:static_min,42,19,1,0.4523809523809524,0,0.9499999999999993,1,8,0.95,100,1,feasible,43.0,0.8717797887081347,1.0238095238095237,1.0,0.69,0.0,0.951760402668896
synthetic,low_compressibility_seed7,static_min,low_compressibility_seed7:static_min,42,19,1,0.4523809523809524,0,0.19000000000000128,1,8,0.99,100,1,feasible,42.24,0.4923413450036467,1.0057142857142858,0.24,0.21,0.0,0.9873293566898219
synthetic,low_compressibility_seed7,static_min,low_compressibility_seed7:static_min,42,19,1,0.4523809523809524,0,0.09499999999999886,1,8,0.995,100,1,feasible,42.12,0.35440090293338716,1.0028571428571427,0.12,0.11,0.0,0.9950878385180711
synthetic,low_compressibility_seed7,static_min,low_compressibility_seed7:static_min,42,19,1,0.4523809523809524,0,0.01899999999999835,1,8,0.999,100,1,feasible,42.03,0.1705872210923199,1.000714285714286,0.03,0.03,0.0,0.9990642303433
synthetic,low_compressibility_seed7,static_min,low_compressibility_seed7:static_min,42,19,1,0.4523809523809524,0,0.0,1,8,1.0,100,1,feasible,42.0,0.0,1.0,0.0,0.0,0.0,1.0
synthetic,low_compressibility_seed7,static_min,low_compressibility_seed7:static_min,42,19,1,0.4523809523809524,0,0.0,3,0,0.95,100,1,feasible,42.0,0.0,1.0,0.0,0.0,0.0,2.84952380952381
synthetic,low_compressibility_seed7,static_min,low_compressibility_seed7:static_min,42,19,1,0.4523809523809524,0,0.0,3,0,0.99,100,1,feasible,42.0,0.0,1.0,0.0,0.0,0.0,2.973095238095238
synthetic,low_compressibility_seed7,static_min,low_compressibility_seed7:static_min,42,19,1,0.4523809523809524,0,0.0,3,0,0.995,100,1,feasible,42.0,0.0,1.0,0.0,0.0,0.0,2.986666666666667
synthetic,low_compressibility_seed7,static_min,low_compressibility_seed7:static_min,42,19,1,0.4523809523809524,0,0.0,3,0,0.999,100,1,feasible,42.0,0.0,1.0,0.0,0.0,0.0,2.9978571428571423
synthetic,low_compressibility_seed7,static_min,low_compressibility_seed7:static_min,42,19,1,0.4523809523809524,0,0.0,3,0,1.0,100,1,feasible,42.0,0.0,1.0,0.0,0.0,0.0,3.0
synthetic,low_compressibility_seed7,static_min,low_compressibility_seed7:static_min,42,19,1,0.4523809523809524,0,0.0,3,8,0.95,100,1,feasible,42.0,0.0,1.0,0.0,0.0,0.0,2.857142857142857
synthetic,low_compressibility_seed7,static_min,low_compressibility_seed7:static_min,42,19,1,0.4523809523809524,0,0.0,3,8,0.99,100,1,feasible,42.0,0.0,1.0,0.0,0.0,0.0,2.965238095238095
synthetic,low_compressibility_seed7,static_min,low_compressibility_seed7:static_min,42,19,1,0.4523809523809524,0,0.0,3,8,0.995,100,1,feasible,42.0,0.0,1.0,0.0,0.0,0.0,2.9840476190476193
synthetic,low_compressibility_seed7,static_min,low_compressibility_seed7:static_min,42,19,1,0.4523809523809524,0,0.0,3,8,0.999,100,1,feasible,42.0,0.0,1.0,0.0,0.0,0.0,2.997380952380952
synthetic,low_compressibility_seed7,static_min,low_compressibility_seed7:static_min,42,19,1,0.4523809523809524,0,0.0,3,8,1.0,100,1,feasible,42.0,0.0,1.0,0.0,0.0,0.0,3.0
synthetic,low_compressibility_seed7,static_min,low_compressibility_seed7:static_min,42,19,1,0.4523809523809524,0,0.0,6,0,0.95,100,1,feasible,42.0,0.0,1.0,0.0,0.0,0.0,5.697619047619047
synthetic,low_compressibility_seed7,static_min,low_compressibility_seed7:static_min,42,19,1,0.4523809523809524,0,0.0,6,0,0.99,100,1,feasible,42.0,0.0,1.0,0.0,0.0,0.0,5.939285714285714
synthetic,low_compressibility_seed7,static_min,low_compressibility_seed7:static_min,42,19,1,0.4523809523809524,0,0.0,6,0,0.995,100,1,feasible,42.0,0.0,1.0,0.0,0.0,0.0,5.973571428571428
synthetic,low_compressibility_seed7,static_min,low_compressibility_seed7:static_min,42,19,1,0.4523809523809524,0,0.0,6,0,0.999,100,1,feasible,42.0,0.0,1.0,0.0,0.0,0.0,5.993095238095239
synthetic,low_compressibility_seed7,static_min,low_compressibility_seed7:static_min,42,19,1,0.4523809523809524,0,0.0,6,0,1.0,100,1,feasible,42.0,0.0,1.0,0.0,0.0,0.0,6.0
synthetic,low_compressibility_seed7,static_min,low_compressibility_seed7:static_min,42,19,1,0.4523809523809524,0,0.0,6,8,0.95,100,1,feasible,42.0,0.0,1.0,0.0,0.0,0.0,5.710476190476189
synthetic,low_compressibility_seed7,static_min,low_compressibility_seed7:static_min,42,19,1,0.4523809523809524,0,0.0,6,8,0.99,100,1,feasible,42.0,0.0,1.0,0.0,0.0,0.0,5.937142857142858
synthetic,low_compressibility_seed7,static_min,low_compressibility_seed7:static_min,42,19,1,0.4523809523809524,0,0.0,6,8,0.995,100,1,feasible,42.0,0.0,1.0,0.0,0.0,0.0,5.968095238095239
synthetic,low_compressibility_seed7,static_min,low_compressibility_seed7:static_min,42,19,1,0.4523809523809524,0,0.0,6,8,0.999,100,1,feasible,42.0,0.0,1.0,0.0,0.0,0.0,5.995238095238096
synthetic,low_compressibility_seed7,static_min,low_compressibility_seed7:static_min,42,19,1,0.4523809523809524,0,0.0,6,8,1.0,100,1,feasible,42.0,0.0,1.0,0.0,0.0,0.0,6.0
synthetic,medium_compressibility_seed7,smoothed,medium_compressibility_seed7:smoothed,17,25,2,1.4705882352941178,8,8.850000000000001,1,0,0.95,0,0,peak_demand_exceeds_reachable_stock,inf,inf,inf,inf,1.0,1.0,0.0
synthetic,medium_compressibility_seed7,smoothed,medium_compressibility_seed7:smoothed,17,25,2,1.4705882352941178,8,8.170000000000002,1,0,0.99,0,0,peak_demand_exceeds_reachable_stock,inf,inf,inf,inf,1.0,1.0,0.0
synthetic,medium_compressibility_seed7,smoothed,medium_compressibility_seed7:smoothed,17,25,2,1.4705882352941178,8,8.085,1,0,0.995,0,0,peak_demand_exceeds_reachable_stock,inf,inf,inf,inf,1.0,1.0,0.0
synthetic,medium_compressibility_seed7,smoothed,medium_compressibility_seed7:smoothed,17,25,2,1.4705882352941178,8,8.017,1,0,0.999,0,0,peak_demand_exceeds_reachable_stock,inf,inf,inf,inf,1.0,1.0,0.0
synthetic,medium_compressibility_seed7,smoothed,medium_compressibility_seed7:smoothed,17,25,2,1.4705882352941178,8,8.0,1,0,1.0,0,0,peak_demand_exceeds_reachable_stock,inf,inf,inf,inf,1.0,1.0,0.0
synthetic,medium_compressibility_seed7,smoothed,medium_compressibility_seed7:smoothed,17,25,2,1.4705882352941178,8,8.850000000000001,1,8,0.95,100,1,feasible,26.13,1.0830974102083346,1.5370588235294118,9.13,1.0,0.0,0.9583616479306134
synthetic,medium_compressibility_seed7,smoothed,medium_compressibility_seed7:smoothed,17,25,2,1.4705882352941178,8,8.170000000000002,1,8,0.99,100,1,feasible,25.3,0.6244997998398396,1.4882352941176469,8.3,1.0,0.0,0.9887118437118438
synthetic,medium_compressibility_seed7,smoothed,medium_compressibility_seed7:smoothed,17,25,2,1.4705882352941178,8,8.085,1,8,0.995,100,1,feasible,25.13,0.36482872693909396,1.4782352941176469,8.13,1.0,0.0,0.99502849002849
synthetic,medium_compressibility_seed7,smoothed,medium_compressibility_seed7:smoothed,17,25,2,1.4705882352941178,8,8.017,1,8,0.999,100,1,feasible,25.01,0.0994987437106618,1.4711764705882353,8.01,1.0,0.0,0.9996153846153846
synthetic,medium_compressibility_seed7,smoothed,medium_compressibility_seed7:smoothed,17,25,2,1.4705882352941178,8,8.0,1,8,1.0,100,1,feasible,25.0,0.0,1.4705882352941178,8.0,1.0,0.0,1.0
synthetic,medium_compressibility_seed7,smoothed,medium_compressibility_seed7:smoothed,17,25,2,1.4705882352941178,0,0.0,3,0,0.95,100,1,feasible,17.05,0.21794494717703367,1.0029411764705882,0.05,0.05,0.0,2.8670588235294123
synthetic,medium_compressibility_seed7,smoothed,medium_compressibility_seed7:smoothed,17,25,2,1.4705882352941178,0,0.0,3,0,0.99,100,1,feasible,17.0,0.0,1.0,0.0,0.0,0.0,2.967647058823529
synthetic,medium_compressibility_seed7,smoothed,medium_compressibility_seed7:smoothed,17,25,2,1.4705882352941178,0,0.0,3,0,0.995,100,1,feasible,17.0,0.0,1.0,0.0,0.0,0.0,2.9794117647058824
synthetic,medium_compressibility_seed7,smoothed,medium_compressibility_seed7:smoothed,17,25,2,1.4705882352941178,0,0.0,3,0,0.999,100,1,feasible,17.0,0.0,1.0,0.0,0.0,0.0,2.9970588235294118
synthetic,medium_compressibility_seed7,smoothed,medium_compressibility_seed7:smoothed,17,25,2,1.4705882352941178,0,0.0,3,0,1.0,100,1,feasible,17.0,0.0,1.0,0.0,0.0,0.0,3.0
synthetic,medium_compressibility_seed7,smoothed,medium_compressibility_seed7:smoothed,17,25,2,1.4705882352941178,0,0.0,3,8,0.95,100,1,feasible,17.0,0.0,1.0,0.0,0.0,0.0,2.8658823529411763
synthetic,medium_compressibility_seed7,smoothed,medium_compressibility_seed7:smoothed,17,25,2,1.4705882352941178,0,0.0,3,8,0.99,100,1,feasible,17.0,0.0,1.0,0.0,0.0,0.0,2.958235294117647
synthetic,medium_compressibility_seed7,smoothed,medium_compressibility_seed7:smoothed,17,25,2,1.4705882352941178,0,0.0,3,8,0.995,100,1,feasible,17.0,0.0,1.0,0.0,0.0,0.0,2.9823529411764707
synthetic,medium_compressibility_seed7,smoothed,medium_compressibility_seed7:smoothed,17,25,2,1.4705882352941178,0,0.0,3,8,0.999,100,1,feasible,17.0,0.0,1.0,0.0,0.0,0.0,2.995882352941176
synthetic,medium_compressibility_seed7,smoothed,medium_compressibility_seed7:smoothed,17,25,2,1.4705882352941178,0,0.0,3,8,1.0,100,1,feasible,17.0,0.0,1.0,0.0,0.0,0.0,3.0
synthetic,medium_compressibility_seed7,smoothed,medium_compressibility_seed7:smoothed,17,25,2,1.4705882352941178,0,0.0,6,0,0.95,100,1,feasible,17.0,0.0,1.0,0.0,0.0,0.0,5.686470588235294
synthetic,medium_compressibility_seed7,smoothed,medium_compressibility_seed7:smoothed,17,25,2,1.4705882352941178,0,0.0,6,0,0.99,100,1,feasible,17.0,0.0,1.0,0.0,0.0,0.0,5.940588235294118
synthetic,medium_compressibility_seed7,smoothed,medium_compressibility_seed7:smoothed,17,25,2,1.4705882352941178,0,0.0,6,0,0.995,100,1,feasible,17.0,0.0,1.0,0.0,0.0,0.0,5.9682352941176475
synthetic,medium_compressibility_seed7,smoothed,medium_compressibility_seed7:smoothed,17,25,2,1.4705882352941178,0,0.0,6,0,0.999,100,1,feasible,17.0,0.0,1.0,0.0,0.0,0.0,5.990588235294117
synthetic,medium_compressibility_seed7,smoothed,medium_compressibility_seed7:smoothed,17,25,2,1.4705882352941178,0,0.0,6,0,1.0,100,1,feasible,17.0,0.0,1.0,0.0,0.0,0.0,6.0
synthetic,medium_compressibility_seed7,smoothed,medium_compressibility_seed7:smoothed,17,25,2,1.4705882352941178,0,0.0,6,8,0.95,100,1,feasible,17.0,0.0,1.0,0.0,0.0,0.0,5.694117647058825
synthetic,medium_compressibility_seed7,smoothed,medium_compressibility_seed7:smoothed,17,25,2,1.4705882352941178,0,0.0,6,8,0.99,100,1,feasible,17.0,0.0,1.0,0.0,0.0,0.0,5.9435294117647075
synthetic,medium_compressibility_seed7,smoothed,medium_compressibility_seed7:smoothed,17,25,2,1.4705882352941178,0,0.0,6,8,0.995,100,1,feasible,17.0,0.0,1.0,0.0,0.0,0.0,5.97
synthetic,medium_compressibility_seed7,smoothed,medium_compressibility_seed7:smoothed,17,25,2,1.4705882352941178,0,0.0,6,8,0.999,100,1,feasible,17.0,0.0,1.0,0.0,0.0,0.0,5.995294117647059
synthetic,medium_compressibility_seed7,smoothed,medium_compressibility_seed7:smoothed,17,25,2,1.4705882352941178,0,0.0,6,8,1.0,100,1,feasible,17.0,0.0,1.0,0.0,0.0,0.0,6.0
synthetic,medium_compressibility_seed7,static_min,medium_compressibility_seed7:static_min,16,25,5,1.5625,11,11.65,1,0,0.95,0,0,peak_demand_exceeds_reachable_stock,inf,inf,inf,inf,1.0,1.0,0.0
synthetic,medium_compressibility_seed7,static_min,medium_compressibility_seed7:static_min,16,25,5,1.5625,11,11.13,1,0,0.99,0,0,peak_demand_exceeds_reachable_stock,inf,inf,inf,inf,1.0,1.0,0.0
synthetic,medium_compressibility_seed7,static_min,medium_compressibility_seed7:static_min,16,25,5,1.5625,11,11.065,1,0,0.995,0,0,peak_demand_exceeds_reachable_stock,inf,inf,inf,inf,1.0,1.0,0.0
synthetic,medium_compressibility_seed7,static_min,medium_compressibility_seed7:static_min,16,25,5,1.5625,11,11.013,1,0,0.999,0,0,peak_demand_exceeds_reachable_stock,inf,inf,inf,inf,1.0,1.0,0.0
synthetic,medium_compressibility_seed7,static_min,medium_compressibility_seed7:static_min,16,25,5,1.5625,11,11.0,1,0,1.0,0,0,peak_demand_exceeds_reachable_stock,inf,inf,inf,inf,1.0,1.0,0.0
synthetic,medium_compressibility_seed7,static_min,medium_compressibility_seed7:static_min,16,25,5,1.5625,11,11.65,1,8,0.95,100,1,feasible,28.27,1.147649772360889,1.766875,12.27,1.0,0.0,0.9527632878389274
synthetic,medium_compressibility_seed7,static_min,medium_compressibility_seed7:static_min,16,25,5,1.5625,11,11.13,1,8,0.99,100,1,feasible,27.27,0.5070502933634893,1.704375,11.27,1.0,0.0,0.9897035212552453
synthetic,medium_compressibility_seed7,static_min,medium_compressibility_seed7:static_min,16,25,5,1.5625,11,11.065,1,8,0.995,100,1,feasible,27.12,0.3249615361854384,1.695,11.12,1.0,0.0,0.9957142857142859
synthetic,medium_compressibility_seed7,static_min,medium_compressibility_seed7:static_min,16,25,5,1.5625,11,11.013,1,8,0.999,100,1,feasible,27.04,0.1959591794226541,1.69,11.04,1.0,0.0,0.9982010582010582
synthetic,medium_compressibility_seed7,static_min,medium_compressibility_seed7:static_min,16,25,5,1.5625,11,11.0,1,8,1.0,100,1,feasible,27.0,0.0,1.6875,11.0,1.0,0.0,1.0
synthetic,medium_compressibility_seed7,static_min,medium_compressibility_seed7:static_min,16,25,5,1.5625,1,1.3000000000000007,3,0,0.95,0,0,peak_demand_exceeds_reachable_stock,inf,inf,inf,inf,1.0,1.0,0.0
synthetic,medium_compressibility_seed7,static_min,medium_compressibility_seed7:static_min,16,25,5,1.5625,1,1.0600000000000005,3,0,0.99,0,0,peak_demand_exceeds_reachable_stock,inf,inf,inf,inf,1.0,1.0,0.0
synthetic,medium_compressibility_seed7,static_min,medium_compressibility_seed7:static_min,16,25,5,1.5625,1,1.0300000000000002,3,0,0.995,0,0,peak_demand_exceeds_reachable_stock,inf,inf,inf,inf,1.0,1.0,0.0
synthetic,medium_compressibility_seed7,static_min,medium_compressibility_seed7:static_min,16,25,5,1.5625,1,1.0060000000000002,3,0,0.999,0,0,peak_demand_exceeds_reachable_stock,inf,inf,inf,inf,1.0,1.0,0.0
synthetic,medium_compressibility_seed7,static_min,medium_compressibility_seed7:static_min,16,25,5,1.5625,1,1.0,3,0,1.0,0,0,peak_demand_exceeds_reachable_stock,inf,inf,inf,inf,1.0,1.0,0.0
synthetic,medium_compressibility_seed7,static_min,medium_compressibility_seed7:static_min,16,25,5,1.5625,1,1.3000000000000007,3,8,0.95,100,1,feasible,17.01,0.09949874371066182,1.063125,1.01,1.0,0.0,2.845490196078431
synthetic,medium_compressibility_seed7,static_min,medium_compressibility_seed7:static_min,16,25,5,1.5625,1,1.0600000000000005,3,8,0.99,100,1,feasible,17.0,0.0,1.0625,1.0,1.0,0.0,2.974117647058823
synthetic,medium_compressibility_seed7,static_min,medium_compressibility_seed7:static_min,16,25,5,1.5625,1,1.0300000000000002,3,8,0.995,100,1,feasible,17.0,0.0,1.0625,1.0,1.0,0.0,2.984705882352941
synthetic,medium_compressibility_seed7,static_min,medium_compressibility_seed7:static_min,16,25,5,1.5625,1,1.0060000000000002,3,8,0.999,100,1,feasible,17.0,0.0,1.0625,1.0,1.0,0.0,2.9976470588235293
synthetic,medium_compressibility_seed7,static_min,medium_compressibility_seed7:static_min,16,25,5,1.5625,1,1.0,3,8,1.0,100,1,feasible,17.0,0.0,1.0625,1.0,1.0,0.0,3.0
synthetic,medium_compressibility_seed7,static_min,medium_compressibility_seed7:static_min,16,25,5,1.5625,0,0.0,6,0,0.95,100,1,feasible,16.03,0.17058722109231997,1.001875,0.03,0.03,0.0,5.6863970588235295
synthetic,medium_compressibility_seed7,static_min,medium_compressibility_seed7:static_min,16,25,5,1.5625,0,0.0,6,0,0.99,100,1,feasible,16.0,0.0,1.0,0.0,0.0,0.0,5.931875
synthetic,medium_compressibility_seed7,static_min,medium_compressibility_seed7:static_min,16,25,5,1.5625,0,0.0,6,0,0.995,100,1,feasible,16.0,0.0,1.0,0.0,0.0,0.0,5.971875
synthetic,medium_compressibility_seed7,static_min,medium_compressibility_seed7:static_min,16,25,5,1.5625,0,0.0,6,0,0.999,100,1,feasible,16.0,0.0,1.0,0.0,0.0,0.0,5.99375
synthetic,medium_compressibility_seed7,static_min,medium_compressibility_seed7:static_min,16,25,5,1.5625,0,0.0,6,0,1.0,100,1,feasible,16.0,0.0,1.0,0.0,0.0,0.0,6.0
synthetic,medium_compressibility_seed7,static_min,medium_compressibility_seed7:static_min,16,25,5,1.5625,0,0.0,6,8,0.95,100,1,feasible,16.01,0.09949874371066188,1.000625,0.01,0.01,0.0,5.7134558823529416
synthetic,medium_compressibility_seed7,static_min,medium_compressibility_seed7:static_min,16,25,5,1.5625,0,0.0,6,8,0.99,100,1,feasible,16.0,0.0,1.0,0.0,0.0,0.0,5.93
synthetic,medium_compressibility_seed7,static_min,medium_compressibility_seed7:static_min,16,25,5,1.5625,0,0.0,6,8,0.995,100,1,feasible,16.0,0.0,1.0,0.0,0.0,0.0,5.970625
synthetic,medium_compressibility_seed7,static_min,medium_compressibility_seed7:static_min,16,25,5,1.5625,0,0.0,6,8,0.999,100,1,feasible,16.0,0.0,1.0,0.0,0.0,0.0,5.993125
synthetic,medium_compressibility_seed7,static_min,medium_compressibility_seed7:static_min,16,25,5,1.5625,0,0.0,6,8,1.0,100,1,feasible,16.0,0.0,1.0,0.0,0.0,0.0,6.0
